Main 1,Sub 1,Lif 1,Pow 1,Int 1,Ski 1,Spd 1,Def 1,Main 2,Sub 2,Lif 2,Pow 2,Int 2,Ski 2,Spd 2,Def 2,Main,Sub,Lif,Pow,Int,Ski,Spd,Def,Type,Rarity
Cpandora,Cpandora,999,999,999,999,999,999,Durahan,Joker,999,999,999,999,218,999,Cpandora,Cpandora,233,202,99,166,157,128,Not Good,38
Cpandora,Cpandora,999,999,999,999,999,999,Durahan,Joker,999,999,999,999,218,999,Cpandora,Cpandora,233,207,99,166,157,128,Not Good,38
Cpandora,Cpandora,999,999,999,999,999,999,Durahan,Joker,999,999,999,999,218,999,Durahan,Joker,176,330,233,219,137,212,Not Good,29
Cpandora,Cpandora,999,999,999,999,999,999,Durahan,Joker,999,999,999,999,218,999,Joker,Joker,208,362,297,282,166,185,Not Good,12
Cpandora,Cpandora,999,999,999,999,999,999,Durahan,Joker,999,999,999,999,218,999,Durahan,Joker,176,325,233,219,137,212,Not Good,29
Cpandora,Cpandora,999,999,999,999,999,999,Durahan,Joker,999,999,999,999,218,999,Cpandora,Cpandora,233,198,99,166,157,128,Not Good,38
Cpandora,Cpandora,999,999,999,999,999,999,Durahan,Joker,999,999,999,999,218,999,Durahan,Joker,176,330,233,219,137,212,Not Good,29
Durahan,Joker,999,999,999,999,218,999,Cpandora,Cpandora,999,999,999,999,999,999,Durahan,Durahan,178,231,159,188,104,259,Not Good,21
Durahan,Joker,999,999,999,999,218,999,Cpandora,Cpandora,999,999,999,999,999,999,Durahan,Joker,165,295,216,205,109,196,Not Good,48
Durahan,Joker,999,999,999,999,218,999,Cpandora,Cpandora,999,999,999,999,999,999,Joker,Joker,211,336,293,281,140,183,Not Good,14
Durahan,Joker,999,999,999,999,218,999,Cpandora,Cpandora,999,999,999,999,999,999,Durahan,Joker,165,282,216,205,109,196,Not Good,48
Durahan,Joker,999,999,999,999,218,999,Cpandora,Cpandora,999,999,999,999,999,999,Joker,Joker,211,317,293,281,140,183,Not Good,14
Durahan,Joker,999,999,999,999,218,999,Cpandora,Cpandora,999,999,999,999,999,999,Durahan,Joker,165,295,216,205,109,196,Not Good,48
Mew,Mew,999,824,405,999,999,999,Ducken,Ducken,595,672,702,999,999,301,Mew,Mew,175,121,94,172,272,131,Not Good,73
Mew,Mew,999,824,405,999,999,999,Ducken,Ducken,595,672,702,999,999,301,Mew,Mew,175,121,94,172,248,131,Not Good,73
Mew,Mew,999,824,405,999,999,999,Ducken,Ducken,595,672,702,999,999,301,Mew,Mew,175,121,94,172,272,131,Not Good,73
Ducken,Ducken,595,672,702,999,999,301,Mew,Mew,999,824,405,999,999,999,Ducken,Ducken,108,118,159,191,213,78,Not Good,54
Ducken,Ducken,595,672,702,999,999,301,Mew,Mew,999,824,405,999,999,999,Ducken,Ducken,108,118,159,191,209,78,Not Good,54
Ducken,Ducken,595,672,702,999,999,301,Mew,Mew,999,824,405,999,999,999,Mew,Mew,177,128,106,184,308,125,Not Good,46
Mew,Mew,999,824,405,999,999,999,Hopper,Kato,505,607,981,999,999,445,Hopper,Hopper,124,160,155,238,226,136,Up to You,19
Mew,Mew,999,824,405,999,999,999,Hopper,Kato,505,607,981,999,999,445,Hopper,Kato,134,140,175,228,216,116,Up to You,29
Mew,Mew,999,824,405,999,999,999,Hopper,Kato,505,607,981,999,999,445,Hopper,Hopper,124,160,155,238,226,136,Up to You,19
Mew,Mew,999,824,405,999,999,999,Hopper,Kato,505,607,981,999,999,445,Mew,Mew,184,130,108,185,204,145,Up to You,45
Mew,Mew,999,824,405,999,999,999,Hopper,Kato,505,607,981,999,999,445,Hopper,Kato,134,140,175,228,216,116,Up to You,29
Hopper,Kato,505,607,981,999,999,445,Mew,Mew,999,824,405,999,999,999,Hopper,Hopper,111,153,170,236,226,120,Up to You,20
Hopper,Kato,505,607,981,999,999,445,Mew,Mew,999,824,405,999,999,999,Kato,Kato,130,122,240,229,249,158,Up to You,10
Hopper,Kato,505,607,981,999,999,445,Mew,Mew,999,824,405,999,999,999,Hopper,Kato,113,124,180,214,204,92,Up to You,48
Hopper,Kato,505,607,981,999,999,445,Mew,Mew,999,824,405,999,999,999,Hopper,Hopper,111,153,170,236,226,120,Up to You,20
Pixie,Wracky,617,759,974,978,985,774,Wracky,Wracky,646,837,968,991,996,802,Pixie,Wracky,84,123,218,154,190,103,Up to You,57
Pixie,Wracky,617,759,974,978,985,774,Wracky,Wracky,646,837,968,991,996,802,Pixie,Wracky,84,123,218,154,190,103,Up to You,57
Pixie,Wracky,617,759,974,978,985,774,Wracky,Wracky,646,837,968,991,996,802,Wracky,Pixie,120,106,224,184,238,126,Up to You,11
Wracky,Wracky,646,837,968,991,996,802,Pixie,Wracky,617,759,974,978,985,774,Pixie,Wracky,95,138,230,169,202,116,Up to You,33
Wracky,Wracky,646,837,968,991,996,802,Pixie,Wracky,617,759,974,978,985,774,Wracky,Wracky,65,68,210,109,222,86,Up to You,37
Metalner,Metalner,999,953,99,999,126,999,Niton,Metalner,907,818,376,902,351,967,Niton,Niton,185,131,46,156,66,384,Unsure,10
Metalner,Metalner,999,953,99,999,126,999,Niton,Metalner,907,818,376,902,351,967,Metalner,Metalner,118,221,21,221,41,372,Unsure,39
Metalner,Metalner,999,953,99,999,126,999,Niton,Metalner,907,818,376,902,351,967,Niton,Metalner,134,102,99,169,79,265,Unsure,51
Niton,Metalner,907,818,376,902,351,967,Metalner,Metalner,999,953,99,999,126,999,Metalner,Metalner,128,257,29,232,49,386,Unsure,22
Niton,Metalner,907,818,376,902,351,967,Metalner,Metalner,999,953,99,999,126,999,Niton,Metalner,132,99,103,168,82,274,Unsure,69
Niton,Metalner,907,818,376,902,351,967,Metalner,Metalner,999,953,99,999,126,999,Niton,Metalner,132,99,103,168,82,274,Unsure,69
Niton,Metalner,907,818,376,902,351,967,Durahan,Joker,999,999,999,999,218,999,Durahan,Joker,188,395,199,224,145,217,Unsure,11
Niton,Metalner,907,818,376,902,351,967,Durahan,Joker,999,999,999,999,218,999,Niton,Durahan,153,190,115,130,157,162,Unsure,35
Niton,Metalner,907,818,376,902,351,967,Durahan,Joker,999,999,999,999,218,999,Durahan,Joker,188,373,199,224,147,217,Unsure,11
Niton,Metalner,907,818,376,902,351,967,Durahan,Joker,999,999,999,999,218,999,Durahan,Metalner,178,204,129,224,118,247,Unsure,11
Durahan,Phoenix,800,900,999,850,700,999,Arrowhead,Joker,800,900,999,581,700,999,Durahan,Joker,305,190,228,197,231,206,Great,18
Durahan,Phoenix,800,900,999,850,700,999,Arrowhead,Joker,800,900,999,581,700,999,Arrowhead,Durahan,203,437,171,334,164,472,Great,11
Durahan,Phoenix,800,900,999,850,700,999,Arrowhead,Joker,800,900,999,581,700,999,Durahan,Arrowhead,172,198,155,298,228,410,Great,36
Durahan,Phoenix,800,900,999,850,700,999,Arrowhead,Joker,800,900,999,581,700,999,Arrowhead,Durahan,203,432,171,342,164,484,Great,11
Durahan,Phoenix,800,900,999,850,700,999,Arrowhead,Joker,800,900,999,581,700,999,Durahan,Phoenix,431,448,496,382,367,521,Great,18
Durahan,Phoenix,800,900,999,850,700,999,Golem,Joker,999,999,999,999,999,999,Golem,Golem,191,316,213,164,278,261,Great,7
Durahan,Phoenix,800,900,999,850,700,999,Golem,Joker,999,999,999,999,999,999,Durahan,Phoenix,491,555,565,534,487,607,Great,12
Durahan,Phoenix,800,900,999,850,700,999,Golem,Joker,999,999,999,999,999,999,Durahan,Golem,188,222,177,160,262,409,Great,25
Durahan,Phoenix,800,900,999,850,700,999,Golem,Joker,999,999,999,999,999,999,Golem,Joker,517,559,581,523,437,607,Great,12
Durahan,Phoenix,800,900,999,850,700,999,Golem,Joker,999,999,999,999,999,999,Golem,Durahan,178,272,177,150,210,256,Great,25
Durahan,Phoenix,800,900,999,850,700,999,Jell,Monol,999,999,999,999,999,999,Jell,Monol,168,163,406,190,327,419,Fine,21
Durahan,Phoenix,800,900,999,850,700,999,Jell,Monol,999,999,999,999,999,999,Jell,Monol,168,163,416,190,319,435,Fine,21
Durahan,Phoenix,800,900,999,850,700,999,Jell,Monol,999,999,999,999,999,999,Durahan,Phoenix,157,181,364,168,293,387,Fine,36
Durahan,Phoenix,800,900,999,850,700,999,Jell,Monol,999,999,999,999,999,999,Durahan,Phoenix,157,181,386,168,278,391,Fine,36
Durahan,Phoenix,800,900,999,850,700,999,Jell,Monol,999,999,999,999,999,999,Durahan,Durahan,168,223,158,180,279,399,Fine,16
Durahan,Phoenix,800,900,999,850,700,999,Worm,Suezo,999,999,999,999,999,999,Worm,Suezo,217,436,458,408,348,168,Good,21
Durahan,Phoenix,800,900,999,850,700,999,Worm,Suezo,999,999,999,999,999,999,Durahan,Phoenix,156,392,395,382,320,215,Good,36
Durahan,Phoenix,800,900,999,850,700,999,Worm,Suezo,999,999,999,999,999,999,Suezo,Suezo,158,313,261,212,164,191,Good,13
Durahan,Phoenix,800,900,999,850,700,999,Worm,Suezo,999,999,999,999,999,999,Worm,Suezo,217,412,473,426,357,168,Good,21
Durahan,Phoenix,800,900,999,850,700,999,Worm,Suezo,999,999,999,999,999,999,Worm,Suezo,217,441,479,436,344,168,Good,21
Durahan,Phoenix,800,900,999,850,700,999,Tiger,Pixie,999,999,999,999,999,999,Durahan,Tiger,199,183,197,209,151,178,Up to You,29
Durahan,Phoenix,800,900,999,850,700,999,Tiger,Pixie,999,999,999,999,999,999,Durahan,Phoenix,180,206,220,190,162,241,Up to You,14
Durahan,Phoenix,800,900,999,850,700,999,Tiger,Pixie,999,999,999,999,999,999,Durahan,Pixie,170,196,240,210,172,211,Up to You,14
Durahan,Phoenix,800,900,999,850,700,999,Tiger,Pixie,999,999,999,999,999,999,Tiger,Tiger,172,188,233,252,222,174,Up to You,6
Durahan,Phoenix,800,900,999,850,700,999,Tiger,Pixie,999,999,999,999,999,999,Pixie,Durahan,160,196,230,230,172,221,Up to You,14
Durahan,Phoenix,800,900,999,850,700,999,Hopper,Bajarl,999,999,999,999,999,999,Hopper,Bajarl,228,173,188,239,182,129,Not Good,25
Durahan,Phoenix,800,900,999,850,700,999,Hopper,Bajarl,999,999,999,999,999,999,Durahan,Phoenix,236,181,195,167,142,216,Not Good,41
Durahan,Phoenix,800,900,999,850,700,999,Hopper,Bajarl,999,999,999,999,999,999,Durahan,Phoenix,251,181,195,167,142,216,Not Good,41
Durahan,Phoenix,800,900,999,850,700,999,Hopper,Bajarl,999,999,999,999,999,999,Hopper,Bajarl,218,173,188,239,182,129,Not Good,25
Durahan,Phoenix,800,900,999,850,700,999,Hopper,Bajarl,999,999,999,999,999,999,Durahan,Phoenix,240,181,195,167,142,216,Not Good,41
Durahan,Phoenix,800,900,999,850,700,999,Dragon,Metalner,300,999,999,999,999,999,Durahan,Phoenix,156,383,221,191,164,434,Unsure,14
Durahan,Phoenix,800,900,999,850,700,999,Dragon,Metalner,300,999,999,999,999,999,Dragon,Durahan,148,243,218,189,153,206,Unsure,21
Durahan,Phoenix,800,900,999,850,700,999,Dragon,Metalner,300,999,999,999,999,999,Durahan,Metalner,146,360,171,221,144,439,Unsure,10
Durahan,Phoenix,800,900,999,850,700,999,Dragon,Metalner,300,999,999,999,999,999,Durahan,Durahan,164,247,184,202,154,424,Unsure,6
Durahan,Phoenix,800,900,999,850,700,999,Dragon,Metalner,300,999,999,999,999,999,Dragon,Dragon,164,267,264,212,174,211,Unsure,6
Durahan,Phoenix,800,900,999,850,700,999,Ducken,Golem,999,999,999,999,999,999,Durahan,Phoenix,169,192,208,180,153,227,Up to You,24
Durahan,Phoenix,800,900,999,850,700,999,Ducken,Golem,999,999,999,999,999,999,Durahan,Golem,189,222,178,160,123,247,Up to You,23
Durahan,Phoenix,800,900,999,850,700,999,Ducken,Golem,999,999,999,999,999,999,Durahan,Durahan,181,234,171,191,143,270,Up to You,11
Durahan,Phoenix,800,900,999,850,700,999,Ducken,Golem,999,999,999,999,999,999,Golem,Durahan,179,272,178,150,123,257,Up to You,23
Durahan,Phoenix,800,900,999,850,700,999,Ducken,Golem,999,999,999,999,999,999,Durahan,Golem,189,222,178,160,123,247,Up to You,23
Durahan,Phoenix,800,900,999,850,700,999,Naga,Suezo,999,999,999,999,999,999,Suezo,Suezo,159,204,261,211,164,190,Not Good,13
Durahan,Phoenix,800,900,999,850,700,999,Naga,Suezo,999,999,999,999,999,999,Durahan,Phoenix,156,180,195,168,200,214,Not Good,36
Durahan,Phoenix,800,900,999,850,700,999,Naga,Suezo,999,999,999,999,999,999,Durahan,Phoenix,156,180,195,168,214,214,Not Good,36
Durahan,Phoenix,800,900,999,850,700,999,Naga,Suezo,999,999,999,999,999,999,Naga,Suezo,187,212,188,200,233,177,Not Good,21
Durahan,Phoenix,800,900,999,850,700,999,Naga,Suezo,999,999,999,999,999,999,Durahan,Durahan,167,222,158,180,215,257,Not Good,16
Arrowhead,Joker,800,900,999,581,700,999,Durahan,Phoenix,800,900,999,850,700,999,Durahan,Arrowhead,183,210,168,300,236,460,Great,22
Arrowhead,Joker,800,900,999,581,700,999,Durahan,Phoenix,800,900,999,850,700,999,Durahan,Durahan,173,231,171,166,266,453,Great,8
Arrowhead,Joker,800,900,999,581,700,999,Durahan,Phoenix,800,900,999,850,700,999,Arrowhead,Durahan,193,388,158,288,155,470,Great,27
Arrowhead,Joker,800,900,999,581,700,999,Durahan,Phoenix,800,900,999,850,700,999,Arrowhead,Durahan,193,388,158,294,155,459,Great,27
Arrowhead,Joker,800,900,999,581,700,999,Durahan,Phoenix,800,900,999,850,700,999,Arrowhead,Arrowhead,193,437,161,282,306,567,Great,8
Arrowhead,Joker,800,900,999,581,700,999,Golem,Joker,999,999,999,999,999,999,Golem,Golem,179,305,201,131,249,248,Great,8
Arrowhead,Joker,800,900,999,581,700,999,Golem,Joker,999,999,999,999,999,999,Golem,Joker,444,472,542,378,372,547,Great,27
Arrowhead,Joker,800,900,999,581,700,999,Golem,Joker,999,999,999,999,999,999,Golem,Joker,435,487,532,357,398,537,Great,27
Arrowhead,Joker,800,900,999,581,700,999,Golem,Joker,999,999,999,999,999,999,Golem,Arrowhead,188,223,188,132,242,408,Great,27
Arrowhead,Joker,800,900,999,581,700,999,Golem,Joker,999,999,999,999,999,999,Arrowhead,Golem,188,223,148,102,125,362,Great,16
Arrowhead,Joker,800,900,999,581,700,999,Jell,Monol,999,999,999,999,999,999,Monol,Monol,178,204,438,152,266,479,Fine,15
Arrowhead,Joker,800,900,999,581,700,999,Jell,Monol,999,999,999,999,999,999,Jell,Jell,168,164,350,172,174,348,Fine,18
Arrowhead,Joker,800,900,999,581,700,999,Jell,Monol,999,999,999,999,999,999,Arrowhead,Arrowhead,188,154,148,82,253,378,Fine,15
Arrowhead,Joker,800,900,999,581,700,999,Jell,Monol,999,999,999,999,999,999,Arrowhead,Joker,168,184,198,192,261,384,Fine,26
Arrowhead,Joker,800,900,999,581,700,999,Jell,Monol,999,999,999,999,999,999,Jell,Monol,168,164,428,172,302,409,Fine,26
Arrowhead,Joker,800,900,999,581,700,999,Worm,Suezo,999,999,999,999,999,999,Worm,Suezo,217,434,460,329,345,168,Good,20
Arrowhead,Joker,800,900,999,581,700,999,Worm,Suezo,999,999,999,999,999,999,Arrowhead,Arrowhead,198,366,161,244,311,261,Good,12
Arrowhead,Joker,800,900,999,581,700,999,Worm,Suezo,999,999,999,999,999,999,Suezo,Suezo,158,337,261,191,166,191,Good,12
Arrowhead,Joker,800,900,999,581,700,999,Worm,Suezo,999,999,999,999,999,999,Arrowhead,Joker,167,183,198,192,232,228,Good,21
Arrowhead,Joker,800,900,999,581,700,999,Worm,Suezo,999,999,999,999,999,999,Arrowhead,Arrowhead,198,366,161,244,311,261,Good,12
Arrowhead,Joker,800,900,999,581,700,999,Tiger,Pixie,999,999,999,999,999,999,Tiger,Tiger,160,176,221,219,213,161,Up to You,13
Arrowhead,Joker,800,900,999,581,700,999,Tiger,Pixie,999,999,999,999,999,999,Arrowhead,Joker,169,184,198,191,133,228,Up to You,20
Arrowhead,Joker,800,900,999,581,700,999,Tiger,Pixie,999,999,999,999,999,999,Tiger,Pixie,159,154,218,221,213,138,Up to You,20
Arrowhead,Joker,800,900,999,581,700,999,Tiger,Pixie,999,999,999,999,999,999,Arrowhead,Joker,169,184,198,191,133,228,Up to You,20
Arrowhead,Joker,800,900,999,581,700,999,Tiger,Pixie,999,999,999,999,999,999,Pixie,Joker,139,154,248,201,173,138,Up to You,17
Arrowhead,Joker,800,900,999,581,700,999,Hopper,Bajarl,999,999,999,999,999,999,Arrowhead,Joker,268,183,199,191,133,229,Not Good,24
Arrowhead,Joker,800,900,999,581,700,999,Hopper,Bajarl,999,999,999,999,999,999,Hopper,Hopper,204,173,189,211,213,149,Not Good,16
Arrowhead,Joker,800,900,999,581,700,999,Hopper,Bajarl,999,999,999,999,999,999,Arrowhead,Arrowhead,201,166,162,89,114,262,Not Good,14
Arrowhead,Joker,800,900,999,581,700,999,Hopper,Bajarl,999,999,999,999,999,999,Arrowhead,Joker,263,183,199,191,133,229,Not Good,24
Arrowhead,Joker,800,900,999,581,700,999,Hopper,Bajarl,999,999,999,999,999,999,Hopper,Joker,214,163,189,211,173,139,Not Good,23
Arrowhead,Joker,800,900,999,581,700,999,Dragon,Metalner,300,999,999,999,999,999,Dragon,Arrowhead,140,211,206,163,144,193,Unsure,33
Arrowhead,Joker,800,900,999,581,700,999,Dragon,Metalner,300,999,999,999,999,999,Arrowhead,Joker,156,196,212,200,145,375,Unsure,14
Arrowhead,Joker,800,900,999,581,700,999,Dragon,Metalner,300,999,999,999,999,999,Dragon,Dragon,156,256,252,180,165,198,Unsure,11
Arrowhead,Joker,800,900,999,581,700,999,Dragon,Metalner,300,999,999,999,999,999,Dragon,Joker,148,298,239,192,154,186,Unsure,17
Arrowhead,Joker,800,900,999,581,700,999,Dragon,Metalner,300,999,999,999,999,999,Dragon,Arrowhead,140,211,206,163,144,193,Unsure,33
Arrowhead,Joker,800,900,999,581,700,999,Ducken,Golem,999,999,999,999,999,999,Arrowhead,Golem,189,222,148,102,124,267,Up to You,16
Arrowhead,Joker,800,900,999,581,700,999,Ducken,Golem,999,999,999,999,999,999,Golem,Arrowhead,189,222,188,132,104,277,Up to You,25
Arrowhead,Joker,800,900,999,581,700,999,Ducken,Golem,999,999,999,999,999,999,Golem,Joker,181,214,231,170,134,240,Up to You,13
Arrowhead,Joker,800,900,999,581,700,999,Ducken,Golem,999,999,999,999,999,999,Arrowhead,Arrowhead,201,164,161,90,114,260,Up to You,9
Arrowhead,Joker,800,900,999,581,700,999,Ducken,Golem,999,999,999,999,999,999,Golem,Golem,181,304,201,130,134,250,Up to You,14
Arrowhead,Joker,800,900,999,581,700,999,Naga,Suezo,999,999,999,999,999,999,Naga,Suezo,187,212,189,182,215,177,Not Good,20
Arrowhead,Joker,800,900,999,581,700,999,Naga,Suezo,999,999,999,999,999,999,Suezo,Suezo,159,204,262,190,165,190,Not Good,12
Arrowhead,Joker,800,900,999,581,700,999,Naga,Suezo,999,999,999,999,999,999,Arrowhead,Joker,167,182,199,192,226,227,Not Good,21
Arrowhead,Joker,800,900,999,581,700,999,Naga,Suezo,999,999,999,999,999,999,Naga,Naga,199,244,192,210,185,220,Not Good,14
Arrowhead,Joker,800,900,999,581,700,999,Naga,Suezo,999,999,999,999,999,999,Arrowhead,Arrowhead,199,164,162,90,222,260,Not Good,12
Golem,Joker,999,999,999,999,999,999,Durahan,Phoenix,800,900,999,850,700,999,Golem,Golem,186,307,200,157,233,248,Great,8
Golem,Joker,999,999,999,999,999,999,Durahan,Phoenix,800,900,999,850,700,999,Golem,Joker,454,492,501,477,412,541,Great,22
Golem,Joker,999,999,999,999,999,999,Durahan,Phoenix,800,900,999,850,700,999,Durahan,Phoenix,572,629,654,633,600,631,Great,6
Golem,Joker,999,999,999,999,999,999,Durahan,Phoenix,800,900,999,850,700,999,Golem,Durahan,172,262,164,142,184,243,Great,43
Golem,Joker,999,999,999,999,999,999,Durahan,Phoenix,800,900,999,850,700,999,Durahan,Joker,405,220,253,240,358,231,Great,6
Golem,Joker,999,999,999,999,999,999,Arrowhead,Joker,800,900,999,581,700,999,Golem,Joker,428,445,468,387,352,464,Great,39
Golem,Joker,999,999,999,999,999,999,Arrowhead,Joker,800,900,999,581,700,999,Golem,Joker,412,449,473,390,381,464,Great,39
Golem,Joker,999,999,999,999,999,999,Arrowhead,Joker,800,900,999,581,700,999,Golem,Arrowhead,182,213,174,135,236,399,Great,39
Golem,Joker,999,999,999,999,999,999,Arrowhead,Joker,800,900,999,581,700,999,Golem,Arrowhead,182,213,174,135,232,399,Great,39
Golem,Joker,999,999,999,999,999,999,Arrowhead,Joker,800,900,999,581,700,999,Golem,Joker,428,424,455,383,373,472,Great,39
Golem,Joker,999,999,999,999,999,999,Jell,Monol,999,999,999,999,999,999,Golem,Monol,210,219,187,119,143,338,Fine,17
Golem,Joker,999,999,999,999,999,999,Jell,Monol,999,999,999,999,999,999,Golem,Jell,187,226,164,136,264,411,Fine,34
Golem,Joker,999,999,999,999,999,999,Jell,Monol,999,999,999,999,999,999,Monol,Golem,197,235,223,205,338,478,Fine,5
Golem,Joker,999,999,999,999,999,999,Jell,Monol,999,999,999,999,999,999,Golem,Joker,180,209,398,189,384,409,Fine,17
Golem,Joker,999,999,999,999,999,999,Jell,Monol,999,999,999,999,999,999,Jell,Golem,193,202,443,212,435,436,Fine,10
Golem,Joker,999,999,999,999,999,999,Worm,Suezo,999,999,999,999,999,999,Suezo,Golem,185,384,273,236,202,204,Good,5
Golem,Joker,999,999,999,999,999,999,Worm,Suezo,999,999,999,999,999,999,Suezo,Suezo,198,363,286,249,216,217,Good,3
Golem,Joker,999,999,999,999,999,999,Worm,Suezo,999,999,999,999,999,999,Golem,Golem,205,324,213,176,315,264,Good,6
Golem,Joker,999,999,999,999,999,999,Worm,Suezo,999,999,999,999,999,999,Golem,Worm,216,225,174,156,165,195,Good,34
Golem,Joker,999,999,999,999,999,999,Worm,Suezo,999,999,999,999,999,999,Worm,Golem,232,241,210,193,282,201,Good,10
Golem,Joker,999,999,999,999,999,999,Tiger,Pixie,999,999,999,999,999,999,Golem,Pixie,171,229,216,158,151,198,Up to You,15
Golem,Joker,999,999,999,999,999,999,Tiger,Pixie,999,999,999,999,999,999,Tiger,Tiger,201,208,245,277,262,187,Up to You,3
Golem,Joker,999,999,999,999,999,999,Tiger,Pixie,999,999,999,999,999,999,Golem,Tiger,187,206,174,195,138,165,Up to You,31
Golem,Joker,999,999,999,999,999,999,Tiger,Pixie,999,999,999,999,999,999,Pixie,Joker,178,185,272,254,218,164,Up to You,4
Golem,Joker,999,999,999,999,999,999,Tiger,Pixie,999,999,999,999,999,999,Pixie,Golem,174,202,239,211,195,221,Up to You,8
Golem,Joker,999,999,999,999,999,999,Hopper,Bajarl,999,999,999,999,999,999,Hopper,Bajarl,257,191,201,261,215,142,Not Good,10
Golem,Joker,999,999,999,999,999,999,Hopper,Bajarl,999,999,999,999,999,999,Golem,Joker,259,195,205,175,128,216,Not Good,32
Golem,Joker,999,999,999,999,999,999,Hopper,Bajarl,999,999,999,999,999,999,Golem,Bajarl,178,225,185,155,138,196,Not Good,31
Golem,Joker,999,999,999,999,999,999,Hopper,Bajarl,999,999,999,999,999,999,Golem,Joker,259,195,205,175,128,216,Not Good,32
Golem,Joker,999,999,999,999,999,999,Hopper,Bajarl,999,999,999,999,999,999,Hopper,Bajarl,308,191,201,261,215,142,Not Good,10
Golem,Joker,999,999,999,999,999,999,Dragon,Metalner,300,999,999,999,999,999,Golem,Dragon,150,285,195,155,129,213,Unsure,32
Golem,Joker,999,999,999,999,999,999,Dragon,Metalner,300,999,999,999,999,999,Dragon,Metalner,150,416,214,244,201,428,Unsure,6
Golem,Joker,999,999,999,999,999,999,Dragon,Metalner,300,999,999,999,999,999,Golem,Metalner,150,188,178,198,113,383,Unsure,17
Golem,Joker,999,999,999,999,999,999,Dragon,Metalner,300,999,999,999,999,999,Golem,Dragon,150,285,195,155,129,213,Unsure,32
Golem,Joker,999,999,999,999,999,999,Dragon,Metalner,300,999,999,999,999,999,Golem,Joker,160,382,218,188,143,379,Unsure,17
Golem,Joker,999,999,999,999,999,999,Ducken,Golem,999,999,999,999,999,999,Golem,Golem,154,271,161,122,115,211,Up to You,59
Golem,Joker,999,999,999,999,999,999,Ducken,Golem,999,999,999,999,999,999,Ducken,Golem,178,253,223,235,210,213,Up to You,4
Golem,Joker,999,999,999,999,999,999,Ducken,Golem,999,999,999,999,999,999,Golem,Joker,168,194,204,176,129,214,Up to You,35
Golem,Joker,999,999,999,999,999,999,Ducken,Golem,999,999,999,999,999,999,Golem,Joker,168,194,204,176,129,214,Up to You,35
Golem,Joker,999,999,999,999,999,999,Ducken,Golem,999,999,999,999,999,999,Golem,Golem,154,271,161,122,115,211,Up to You,59
Golem,Joker,999,999,999,999,999,999,Naga,Suezo,999,999,999,999,999,999,Naga,Golem,223,240,191,212,344,230,Not Good,10
Golem,Joker,999,999,999,999,999,999,Naga,Suezo,999,999,999,999,999,999,Golem,Suezo,189,207,218,149,272,227,Not Good,17
Golem,Joker,999,999,999,999,999,999,Naga,Suezo,999,999,999,999,999,999,Golem,Naga,186,254,125,136,203,214,Not Good,34
Golem,Joker,999,999,999,999,999,999,Naga,Suezo,999,999,999,999,999,999,Golem,Joker,179,207,218,189,249,227,Not Good,17
Golem,Joker,999,999,999,999,999,999,Naga,Suezo,999,999,999,999,999,999,Golem,Naga,186,254,125,136,227,214,Not Good,34
Jell,Monol,999,999,999,999,999,999,Durahan,Phoenix,800,900,999,850,700,999,Jell,Monol,162,154,360,182,320,362,Fine,39
Jell,Monol,999,999,999,999,999,999,Durahan,Phoenix,800,900,999,850,700,999,Monol,Monol,184,207,426,174,283,474,Fine,15
Jell,Monol,999,999,999,999,999,999,Durahan,Phoenix,800,900,999,850,700,999,Durahan,Durahan,186,240,171,196,326,441,Fine,12
Jell,Monol,999,999,999,999,999,999,Durahan,Phoenix,800,900,999,850,700,999,Jell,Monol,162,154,368,182,288,400,Fine,39
Jell,Monol,999,999,999,999,999,999,Durahan,Phoenix,800,900,999,850,700,999,Durahan,Phoenix,174,197,427,184,369,435,Fine,17
Jell,Monol,999,999,999,999,999,999,Arrowhead,Joker,800,900,999,581,700,999,Arrowhead,Arrowhead,206,171,161,106,292,431,Fine,9
Jell,Monol,999,999,999,999,999,999,Arrowhead,Joker,800,900,999,581,700,999,Jell,Jell,174,168,354,185,183,359,Fine,19
Jell,Monol,999,999,999,999,999,999,Arrowhead,Joker,800,900,999,581,700,999,Arrowhead,Arrowhead,206,171,161,106,304,413,Fine,9
Jell,Monol,999,999,999,999,999,999,Arrowhead,Joker,800,900,999,581,700,999,Jell,Monol,162,155,361,174,318,362,Fine,44
Jell,Monol,999,999,999,999,999,999,Arrowhead,Joker,800,900,999,581,700,999,Arrowhead,Joker,186,201,211,216,345,434,Fine,11
Jell,Monol,999,999,999,999,999,999,Golem,Joker,999,999,999,999,999,999,Jell,Monol,193,183,438,212,409,458,Fine,12
Jell,Monol,999,999,999,999,999,999,Golem,Joker,999,999,999,999,999,999,Jell,Golem,180,190,404,199,372,419,Fine,22
Jell,Monol,999,999,999,999,999,999,Golem,Joker,999,999,999,999,999,999,Golem,Joker,193,223,466,202,403,500,Fine,10
Jell,Monol,999,999,999,999,999,999,Golem,Joker,999,999,999,999,999,999,Golem,Monol,223,233,200,132,156,395,Fine,10
Jell,Monol,999,999,999,999,999,999,Golem,Joker,999,999,999,999,999,999,Golem,Jell,200,240,177,149,272,443,Fine,19
Jell,Monol,999,999,999,999,999,999,Worm,Suezo,999,999,999,999,999,999,Monol,Suezo,205,217,254,225,296,244,Unsure,5
Jell,Monol,999,999,999,999,999,999,Worm,Suezo,999,999,999,999,999,999,Jell,Monol,192,183,391,212,364,241,Unsure,11
Jell,Monol,999,999,999,999,999,999,Worm,Suezo,999,999,999,999,999,999,Monol,Suezo,205,217,254,225,348,244,Unsure,5
Jell,Monol,999,999,999,999,999,999,Worm,Suezo,999,999,999,999,999,999,Jell,Worm,189,170,218,209,182,198,Unsure,21
Jell,Monol,999,999,999,999,999,999,Worm,Suezo,999,999,999,999,999,999,Worm,Jell,232,203,211,222,233,191,Unsure,10
Jell,Monol,999,999,999,999,999,999,Tiger,Pixie,999,999,999,999,999,999,Tiger,Monol,208,198,243,253,237,224,Unsure,5
Jell,Monol,999,999,999,999,999,999,Tiger,Pixie,999,999,999,999,999,999,Tiger,Jell,164,185,240,250,213,171,Unsure,10
Jell,Monol,999,999,999,999,999,999,Tiger,Pixie,999,999,999,999,999,999,Tiger,Tiger,201,212,246,276,260,187,Unsure,3
Jell,Monol,999,999,999,999,999,999,Tiger,Pixie,999,999,999,999,999,999,Pixie,Monol,158,298,243,223,217,234,Unsure,4
Jell,Monol,999,999,999,999,999,999,Tiger,Pixie,999,999,999,999,999,999,Monol,Tiger,194,205,210,190,133,221,Unsure,10
Jell,Monol,999,999,999,999,999,999,Hopper,Bajarl,999,999,999,999,999,999,Hopper,Bajarl,141,181,188,247,201,129,Up to You,19
Jell,Monol,999,999,999,999,999,999,Hopper,Bajarl,999,999,999,999,999,999,Jell,Monol,168,157,195,184,147,216,Up to You,38
Jell,Monol,999,999,999,999,999,999,Hopper,Bajarl,999,999,999,999,999,999,Monol,Monol,205,224,231,190,104,312,Up to You,14
Jell,Monol,999,999,999,999,999,999,Hopper,Bajarl,999,999,999,999,999,999,Hopper,Bajarl,141,181,188,247,201,129,Up to You,19
Jell,Monol,999,999,999,999,999,999,Hopper,Bajarl,999,999,999,999,999,999,Jell,Monol,168,157,195,184,147,216,Up to You,38
Jell,Monol,999,999,999,999,999,999,Dragon,Metalner,300,999,999,999,999,999,Dragon,Monol,160,231,218,198,172,206,Not Good,18
Jell,Monol,999,999,999,999,999,999,Dragon,Metalner,300,999,999,999,999,999,Dragon,Metalner,130,181,188,218,172,318,Not Good,18
Jell,Monol,999,999,999,999,999,999,Dragon,Metalner,300,999,999,999,999,999,Jell,Monol,160,171,208,198,162,343,Not Good,29
Jell,Monol,999,999,999,999,999,999,Dragon,Metalner,300,999,999,999,999,999,Jell,Jell,170,184,221,211,205,353,Not Good,13
Jell,Monol,999,999,999,999,999,999,Dragon,Metalner,300,999,999,999,999,999,Dragon,Metalner,130,181,188,218,172,318,Not Good,18
Jell,Monol,999,999,999,999,999,999,Ducken,Golem,999,999,999,999,999,999,Jell,Monol,181,169,208,198,161,227,Up to You,19
Jell,Monol,999,999,999,999,999,999,Ducken,Golem,999,999,999,999,999,999,Ducken,Golem,192,269,237,247,222,226,Up to You,2
Jell,Monol,999,999,999,999,999,999,Ducken,Golem,999,999,999,999,999,999,Jell,Golem,181,189,208,198,171,217,Up to You,19
Jell,Monol,999,999,999,999,999,999,Ducken,Golem,999,999,999,999,999,999,Monol,Monol,218,236,244,204,118,323,Up to You,7
Jell,Monol,999,999,999,999,999,999,Ducken,Golem,999,999,999,999,999,999,Golem,Golem,195,313,201,161,155,250,Up to You,9
Jell,Monol,999,999,999,999,999,999,Naga,Suezo,999,999,999,999,999,999,Naga,Jell,203,213,181,241,195,220,Not Good,10
Jell,Monol,999,999,999,999,999,999,Naga,Suezo,999,999,999,999,999,999,Jell,Naga,169,179,208,198,297,217,Not Good,21
Jell,Monol,999,999,999,999,999,999,Naga,Suezo,999,999,999,999,999,999,Jell,Suezo,193,183,241,221,324,210,Not Good,11
Jell,Monol,999,999,999,999,999,999,Naga,Suezo,999,999,999,999,999,999,Suezo,Monol,199,239,257,217,213,226,Not Good,3
Jell,Monol,999,999,999,999,999,999,Naga,Suezo,999,999,999,999,999,999,Jell,Monol,193,183,221,211,304,240,Not Good,11
Worm,Suezo,999,999,999,999,999,999,Durahan,Phoenix,800,900,999,850,700,999,Worm,Suezo,209,373,399,378,308,156,Good,39
Worm,Suezo,999,999,999,999,999,999,Durahan,Phoenix,800,900,999,850,700,999,Suezo,Suezo,151,287,248,205,164,179,Good,15
Worm,Suezo,999,999,999,999,999,999,Durahan,Phoenix,800,900,999,850,700,999,Worm,Suezo,209,382,416,374,346,156,Good,39
Worm,Suezo,999,999,999,999,999,999,Durahan,Phoenix,800,900,999,850,700,999,Worm,Worm,251,175,188,195,253,169,Good,17
Worm,Suezo,999,999,999,999,999,999,Durahan,Phoenix,800,900,999,850,700,999,Durahan,Phoenix,171,444,489,447,433,229,Good,17
Worm,Suezo,999,999,999,999,999,999,Arrowhead,Joker,800,900,999,581,700,999,Worm,Suezo,209,378,422,357,310,156,Good,40
Worm,Suezo,999,999,999,999,999,999,Arrowhead,Joker,800,900,999,581,700,999,Worm,Suezo,209,404,400,342,344,156,Good,40
Worm,Suezo,999,999,999,999,999,999,Arrowhead,Joker,800,900,999,581,700,999,Arrowhead,Joker,183,198,211,217,268,243,Good,10
Worm,Suezo,999,999,999,999,999,999,Arrowhead,Joker,800,900,999,581,700,999,Worm,Worm,251,176,188,186,245,169,Good,17
Worm,Suezo,999,999,999,999,999,999,Arrowhead,Joker,800,900,999,581,700,999,Suezo,Suezo,151,282,248,196,165,179,Good,15
Worm,Suezo,999,999,999,999,999,999,Golem,Joker,999,999,999,999,999,999,Golem,Joker,190,546,527,532,454,243,Good,10
Worm,Suezo,999,999,999,999,999,999,Golem,Joker,999,999,999,999,999,999,Worm,Golem,217,228,197,179,225,189,Good,22
Worm,Suezo,999,999,999,999,999,999,Golem,Joker,999,999,999,999,999,999,Golem,Worm,227,238,187,169,188,209,Good,19
Worm,Suezo,999,999,999,999,999,999,Golem,Joker,999,999,999,999,999,999,Suezo,Golem,170,358,260,223,188,193,Good,12
Worm,Suezo,999,999,999,999,999,999,Golem,Joker,999,999,999,999,999,999,Suezo,Golem,170,352,260,223,188,193,Good,12
Worm,Suezo,999,999,999,999,999,999,Jell,Monol,999,999,999,999,999,999,Jell,Suezo,203,196,254,235,370,226,Unsure,5
Worm,Suezo,999,999,999,999,999,999,Jell,Monol,999,999,999,999,999,999,Monol,Monol,226,249,507,218,395,339,Unsure,3
Worm,Suezo,999,999,999,999,999,999,Jell,Monol,999,999,999,999,999,999,Jell,Worm,200,183,231,222,197,213,Unsure,10
Worm,Suezo,999,999,999,999,999,999,Jell,Monol,999,999,999,999,999,999,Worm,Worm,283,206,214,225,328,196,Unsure,4
Worm,Suezo,999,999,999,999,999,999,Jell,Monol,999,999,999,999,999,999,Worm,Monol,240,213,201,222,265,183,Unsure,11
Worm,Suezo,999,999,999,999,999,999,Tiger,Pixie,999,999,999,999,999,999,Worm,Worm,284,206,213,224,168,199,Up to You,4
Worm,Suezo,999,999,999,999,999,999,Tiger,Pixie,999,999,999,999,999,999,Tiger,Worm,171,183,240,211,205,145,Up to You,10
Worm,Suezo,999,999,999,999,999,999,Tiger,Pixie,999,999,999,999,999,999,Worm,Tiger,228,179,187,208,171,162,Up to You,18
Worm,Suezo,999,999,999,999,999,999,Tiger,Pixie,999,999,999,999,999,999,Tiger,Pixie,194,186,243,274,258,169,Up to You,5
Worm,Suezo,999,999,999,999,999,999,Tiger,Pixie,999,999,999,999,999,999,Pixie,Worm,191,173,230,241,205,155,Up to You,8
Worm,Suezo,999,999,999,999,999,999,Hopper,Bajarl,999,999,999,999,999,999,Suezo,Suezo,171,212,261,221,185,196,Up to You,12
Worm,Suezo,999,999,999,999,999,999,Hopper,Bajarl,999,999,999,999,999,999,Hopper,Bajarl,138,179,188,248,202,132,Up to You,16
Worm,Suezo,999,999,999,999,999,999,Hopper,Bajarl,999,999,999,999,999,999,Worm,Suezo,215,186,195,175,128,159,Up to You,32
Worm,Suezo,999,999,999,999,999,999,Hopper,Bajarl,999,999,999,999,999,999,Hopper,Suezo,138,169,218,238,192,122,Up to You,16
Worm,Suezo,999,999,999,999,999,999,Hopper,Bajarl,999,999,999,999,999,999,Hopper,Hopper,151,192,201,251,245,166,Up to You,11
Worm,Suezo,999,999,999,999,999,999,Dragon,Metalner,300,999,999,999,999,999,Worm,Suezo,198,261,195,175,129,156,Not Good,36
Worm,Suezo,999,999,999,999,999,999,Dragon,Metalner,300,999,999,999,999,999,Suezo,Suezo,147,355,261,221,187,193,Not Good,14
Worm,Suezo,999,999,999,999,999,999,Dragon,Metalner,300,999,999,999,999,999,Dragon,Dragon,167,262,251,211,187,203,Not Good,14
Worm,Suezo,999,999,999,999,999,999,Dragon,Metalner,300,999,999,999,999,999,Worm,Suezo,198,292,195,175,129,156,Not Good,36
Worm,Suezo,999,999,999,999,999,999,Dragon,Metalner,300,999,999,999,999,999,Dragon,Metalner,127,290,188,218,173,229,Not Good,21
Worm,Suezo,999,999,999,999,999,999,Ducken,Golem,999,999,999,999,999,999,Worm,Suezo,228,198,208,189,142,171,Up to You,19
Worm,Suezo,999,999,999,999,999,999,Ducken,Golem,999,999,999,999,999,999,Golem,Golem,191,311,201,162,156,254,Up to You,9
Worm,Suezo,999,999,999,999,999,999,Ducken,Golem,999,999,999,999,999,999,Ducken,Golem,187,267,237,248,224,231,Up to You,2
Worm,Suezo,999,999,999,999,999,999,Ducken,Golem,999,999,999,999,999,999,Worm,Golem,218,228,198,179,122,191,Up to You,18
Worm,Suezo,999,999,999,999,999,999,Ducken,Golem,999,999,999,999,999,999,Golem,Suezo,201,221,231,162,156,244,Up to You,8
Worm,Suezo,999,999,999,999,999,999,Naga,Suezo,999,999,999,999,999,999,Worm,Naga,236,198,178,189,273,345,Unsure,21
Worm,Suezo,999,999,999,999,999,999,Naga,Suezo,999,999,999,999,999,999,Suezo,Naga,189,221,201,242,386,349,Unsure,10
Worm,Suezo,999,999,999,999,999,999,Naga,Suezo,999,999,999,999,999,999,Worm,Suezo,226,198,208,189,311,318,Unsure,21
Worm,Suezo,999,999,999,999,999,999,Naga,Suezo,999,999,999,999,999,999,Suezo,Suezo,156,198,248,209,173,181,Unsure,16
Worm,Suezo,999,999,999,999,999,999,Naga,Suezo,999,999,999,999,999,999,Suezo,Worm,212,224,244,235,410,447,Unsure,5
Tiger,Pixie,999,999,999,999,999,999,Durahan,Phoenix,800,900,999,850,700,999,Tiger,Pixie,165,158,217,241,219,141,Up to You,19
Tiger,Pixie,999,999,999,999,999,999,Durahan,Phoenix,800,900,999,850,700,999,Pixie,Durahan,142,175,204,209,157,198,Up to You,30
Tiger,Pixie,999,999,999,999,999,999,Durahan,Phoenix,800,900,999,850,700,999,Durahan,Phoenix,200,224,233,205,182,258,Up to You,7
Tiger,Pixie,999,999,999,999,999,999,Durahan,Phoenix,800,900,999,850,700,999,Durahan,Tiger,205,188,197,211,159,181,Up to You,15
Tiger,Pixie,999,999,999,999,999,999,Durahan,Phoenix,800,900,999,850,700,999,Pixie,Pixie,137,171,260,233,220,155,Up to You,10
Tiger,Pixie,999,999,999,999,999,999,Arrowhead,Joker,800,900,999,581,700,999,Pixie,Joker,145,158,247,212,179,141,Up to You,26
Tiger,Pixie,999,999,999,999,999,999,Arrowhead,Joker,800,900,999,581,700,999,Pixie,Pixie,125,158,247,212,209,141,Up to You,17
Tiger,Pixie,999,999,999,999,999,999,Arrowhead,Joker,800,900,999,581,700,999,Tiger,Pixie,152,145,204,222,208,128,Up to You,30
Tiger,Pixie,999,999,999,999,999,999,Arrowhead,Joker,800,900,999,581,700,999,Tiger,Pixie,152,145,204,222,208,128,Up to You,30
Tiger,Pixie,999,999,999,999,999,999,Arrowhead,Joker,800,900,999,581,700,999,Arrowhead,Joker,187,201,210,212,151,245,Up to You,8
Tiger,Pixie,999,999,999,999,999,999,Golem,Joker,999,999,999,999,999,999,Tiger,Golem,161,181,216,186,208,201,Up to You,19
Tiger,Pixie,999,999,999,999,999,999,Golem,Joker,999,999,999,999,999,999,Pixie,Golem,161,191,226,196,178,211,Up to You,17
Tiger,Pixie,999,999,999,999,999,999,Golem,Joker,999,999,999,999,999,999,Tiger,Pixie,184,174,229,258,241,155,Up to You,10
Tiger,Pixie,999,999,999,999,999,999,Golem,Joker,999,999,999,999,999,999,Golem,Golem,208,328,212,171,164,268,Up to You,5
Tiger,Pixie,999,999,999,999,999,999,Golem,Joker,999,999,999,999,999,999,Pixie,Joker,164,174,259,238,201,155,Up to You,8
Tiger,Pixie,999,999,999,999,999,999,Jell,Monol,999,999,999,999,999,999,Jell,Monol,454,404,233,220,184,258,Unsure,5
Tiger,Pixie,999,999,999,999,999,999,Jell,Monol,999,999,999,999,999,999,Tiger,Pixie,349,336,230,258,241,155,Unsure,9
Tiger,Pixie,999,999,999,999,999,999,Jell,Monol,999,999,999,999,999,999,Tiger,Jell,151,172,227,235,198,161,Unsure,18
Tiger,Pixie,999,999,999,999,999,999,Jell,Monol,999,999,999,999,999,999,Tiger,Pixie,387,361,230,258,241,155,Unsure,9
Tiger,Pixie,999,999,999,999,999,999,Jell,Monol,999,999,999,999,999,999,Tiger,Monol,194,185,230,238,221,215,Unsure,9
Tiger,Pixie,999,999,999,999,999,999,Worm,Suezo,999,999,999,999,999,999,Tiger,Worm,159,171,227,196,188,133,Up to You,18
Tiger,Pixie,999,999,999,999,999,999,Worm,Suezo,999,999,999,999,999,999,Pixie,Worm,179,161,217,226,188,143,Up to You,15
Tiger,Pixie,999,999,999,999,999,999,Worm,Suezo,999,999,999,999,999,999,Tiger,Suezo,183,174,220,258,191,157,Up to You,9
Tiger,Pixie,999,999,999,999,999,999,Worm,Suezo,999,999,999,999,999,999,Worm,Pixie,236,218,243,221,184,201,Up to You,5
Tiger,Pixie,999,999,999,999,999,999,Worm,Suezo,999,999,999,999,999,999,Pixie,Suezo,143,174,260,238,201,157,Up to You,8
Tiger,Pixie,999,999,999,999,999,999,Hopper,Bajarl,999,999,999,999,999,999,Hopper,Tiger,142,171,428,487,464,410,Good,19
Tiger,Pixie,999,999,999,999,999,999,Hopper,Bajarl,999,999,999,999,999,999,Tiger,Pixie,172,161,483,473,474,438,Good,19
Tiger,Pixie,999,999,999,999,999,999,Hopper,Bajarl,999,999,999,999,999,999,Hopper,Pixie,165,185,251,401,219,336,Good,10
Tiger,Pixie,999,999,999,999,999,999,Hopper,Bajarl,999,999,999,999,999,999,Hopper,Bajarl,155,195,492,552,492,445,Good,10
Tiger,Pixie,999,999,999,999,999,999,Hopper,Bajarl,999,999,999,999,999,999,Tiger,Pixie,172,161,483,477,459,421,Good,19
Tiger,Pixie,999,999,999,999,999,999,Dragon,Metalner,300,999,999,999,999,999,Tiger,Pixie,161,175,231,257,241,155,Up to You,14
Tiger,Pixie,999,999,999,999,999,999,Dragon,Metalner,300,999,999,999,999,999,Pixie,Dragon,151,191,268,215,198,161,Up to You,23
Tiger,Pixie,999,999,999,999,999,999,Dragon,Metalner,300,999,999,999,999,999,Tiger,Tiger,161,198,234,260,244,178,Up to You,6
Tiger,Pixie,999,999,999,999,999,999,Dragon,Metalner,300,999,999,999,999,999,Dragon,Metalner,141,195,201,227,181,245,Up to You,8
Tiger,Pixie,999,999,999,999,999,999,Dragon,Metalner,300,999,999,999,999,999,Pixie,Metalner,121,175,191,237,201,225,Up to You,12
Tiger,Pixie,999,999,999,999,999,999,Ducken,Golem,999,999,999,999,999,999,Tiger,Pixie,172,160,336,245,227,142,Not Good,18
Tiger,Pixie,999,999,999,999,999,999,Ducken,Golem,999,999,999,999,999,999,Pixie,Pixie,145,173,260,238,230,156,Not Good,9
Tiger,Pixie,999,999,999,999,999,999,Ducken,Golem,999,999,999,999,999,999,Golem,Tiger,202,220,187,205,147,182,Not Good,15
Tiger,Pixie,999,999,999,999,999,999,Ducken,Golem,999,999,999,999,999,999,Tiger,Pixie,172,160,316,245,227,142,Not Good,18
Tiger,Pixie,999,999,999,999,999,999,Ducken,Golem,999,999,999,999,999,999,Pixie,Golem,162,190,227,195,177,212,Not Good,15
Tiger,Pixie,999,999,999,999,999,999,Naga,Suezo,999,999,999,999,999,999,Naga,Suezo,227,247,214,230,184,210,Up to You,5
Tiger,Pixie,999,999,999,999,999,999,Naga,Suezo,999,999,999,999,999,999,Pixie,Naga,160,200,188,225,208,172,Up to You,15
Tiger,Pixie,999,999,999,999,999,999,Naga,Suezo,999,999,999,999,999,999,Naga,Naga,240,280,217,263,227,254,Up to You,3
Tiger,Pixie,999,999,999,999,999,999,Naga,Suezo,999,999,999,999,999,999,Tiger,Tiger,187,197,234,260,244,180,Up to You,4
Tiger,Pixie,999,999,999,999,999,999,Naga,Suezo,999,999,999,999,999,999,Pixie,Pixie,157,187,274,250,244,170,Up to You,5
Hopper,Bajarl,999,999,999,999,999,999,Durahan,Phoenix,800,900,999,850,700,999,Durahan,Phoenix,264,196,209,181,160,232,Not Good,20
Hopper,Bajarl,999,999,999,999,999,999,Durahan,Phoenix,800,900,999,850,700,999,Durahan,Durahan,189,239,172,193,152,275,Not Good,14
Hopper,Bajarl,999,999,999,999,999,999,Durahan,Phoenix,800,900,999,850,700,999,Durahan,Phoenix,254,196,209,181,160,232,Not Good,20
Hopper,Bajarl,999,999,999,999,999,999,Durahan,Phoenix,800,900,999,850,700,999,Hopper,Bajarl,218,164,176,229,179,118,Not Good,46
Hopper,Bajarl,999,999,999,999,999,999,Durahan,Phoenix,800,900,999,850,700,999,Hopper,Bajarl,201,164,176,229,179,118,Not Good,46
Hopper,Bajarl,999,999,999,999,999,999,Arrowhead,Joker,800,900,999,581,700,999,Hopper,Joker,216,154,176,212,169,128,Not Good,35
Hopper,Bajarl,999,999,999,999,999,999,Arrowhead,Joker,800,900,999,581,700,999,Arrowhead,Joker,304,200,212,212,153,245,Not Good,9
Hopper,Bajarl,999,999,999,999,999,999,Arrowhead,Joker,800,900,999,581,700,999,Hopper,Bajarl,188,164,176,222,179,118,Not Good,35
Hopper,Bajarl,999,999,999,999,999,999,Arrowhead,Joker,800,900,999,581,700,999,Hopper,Bajarl,188,164,176,222,179,118,Not Good,35
Hopper,Bajarl,999,999,999,999,999,999,Arrowhead,Joker,800,900,999,581,700,999,Hopper,Hopper,264,190,202,232,233,165,Not Good,14
Hopper,Bajarl,999,999,999,999,999,999,Golem,Joker,999,999,999,999,999,999,Golem,Joker,316,209,218,186,140,232,Not Good,18
Hopper,Bajarl,999,999,999,999,999,999,Golem,Joker,999,999,999,999,999,999,Hopper,Hopper,260,193,201,248,243,165,Not Good,9
Hopper,Bajarl,999,999,999,999,999,999,Golem,Joker,999,999,999,999,999,999,Golem,Golem,196,313,201,158,153,255,Not Good,11
Hopper,Bajarl,999,999,999,999,999,999,Golem,Joker,999,999,999,999,999,999,Hopper,Joker,275,169,188,236,190,142,Not Good,22
Hopper,Bajarl,999,999,999,999,999,999,Golem,Joker,999,999,999,999,999,999,Hopper,Bajarl,276,179,188,246,200,132,Not Good,22
Hopper,Bajarl,999,999,999,999,999,999,Jell,Monol,999,999,999,999,999,999,Hopper,Bajarl,129,167,176,233,186,118,Up to You,39
Hopper,Bajarl,999,999,999,999,999,999,Jell,Monol,999,999,999,999,999,999,Monol,Monol,206,224,232,188,103,315,Up to You,11
Hopper,Bajarl,999,999,999,999,999,999,Jell,Monol,999,999,999,999,999,999,Hopper,Hopper,142,181,189,235,229,152,Up to You,16
Hopper,Bajarl,999,999,999,999,999,999,Jell,Monol,999,999,999,999,999,999,Jell,Monol,182,171,209,195,159,232,Up to You,21
Hopper,Bajarl,999,999,999,999,999,999,Jell,Monol,999,999,999,999,999,999,Jell,Monol,182,171,209,195,159,232,Up to You,21
Hopper,Bajarl,999,999,999,999,999,999,Worm,Suezo,999,999,999,999,999,999,Hopper,Bajarl,141,179,189,246,200,134,Up to You,28
Hopper,Bajarl,999,999,999,999,999,999,Worm,Suezo,999,999,999,999,999,999,Hopper,Suezo,141,169,219,236,190,124,Up to You,28
Hopper,Bajarl,999,999,999,999,999,999,Worm,Suezo,999,999,999,999,999,999,Worm,Suezo,231,199,209,186,140,174,Up to You,15
Hopper,Bajarl,999,999,999,999,999,999,Worm,Suezo,999,999,999,999,999,999,Worm,Suezo,231,199,209,186,140,174,Up to You,15
Hopper,Bajarl,999,999,999,999,999,999,Worm,Suezo,999,999,999,999,999,999,Worm,Worm,275,193,202,208,153,188,Up to You,9
Hopper,Bajarl,999,999,999,999,999,999,Tiger,Pixie,999,999,999,999,999,999,Tiger,Tiger,191,198,614,610,564,591,Good,5
Hopper,Bajarl,999,999,999,999,999,999,Tiger,Pixie,999,999,999,999,999,999,Hopper,Bajarl,143,181,468,503,469,418,Good,17
Hopper,Bajarl,999,999,999,999,999,999,Tiger,Pixie,999,999,999,999,999,999,Hopper,Pixie,153,171,238,378,208,326,Good,16
Hopper,Bajarl,999,999,999,999,999,999,Tiger,Pixie,999,999,999,999,999,999,Tiger,Tiger,191,198,614,610,605,576,Good,5
Hopper,Bajarl,999,999,999,999,999,999,Tiger,Pixie,999,999,999,999,999,999,Pixie,Pixie,161,188,274,249,244,172,Good,7
Hopper,Bajarl,999,999,999,999,999,999,Dragon,Metalner,300,999,999,999,999,999,Hopper,Dragon,122,167,206,222,186,158,Up to You,33
Hopper,Bajarl,999,999,999,999,999,999,Dragon,Metalner,300,999,999,999,999,999,Dragon,Bajarl,173,263,223,207,183,205,Up to You,10
Hopper,Bajarl,999,999,999,999,999,999,Dragon,Metalner,300,999,999,999,999,999,Dragon,Metalner,143,193,203,227,183,245,Up to You,10
Hopper,Bajarl,999,999,999,999,999,999,Dragon,Metalner,300,999,999,999,999,999,Hopper,Bajarl,123,180,189,245,199,132,Up to You,17
Hopper,Bajarl,999,999,999,999,999,999,Dragon,Metalner,300,999,999,999,999,999,Hopper,Bajarl,123,180,189,245,199,132,Up to You,17
Hopper,Bajarl,999,999,999,999,999,999,Ducken,Golem,999,999,999,999,999,999,Golem,Golem,184,299,295,145,139,243,Not Good,18
Hopper,Bajarl,999,999,999,999,999,999,Ducken,Golem,999,999,999,999,999,999,Golem,Bajarl,194,239,279,165,149,213,Not Good,17
Hopper,Bajarl,999,999,999,999,999,999,Ducken,Golem,999,999,999,999,999,999,Hopper,Bajarl,130,166,273,233,186,119,Not Good,40
Hopper,Bajarl,999,999,999,999,999,999,Ducken,Golem,999,999,999,999,999,999,Hopper,Bajarl,130,166,260,233,186,119,Not Good,40
Hopper,Bajarl,999,999,999,999,999,999,Ducken,Golem,999,999,999,999,999,999,Hopper,Hopper,144,179,311,235,229,153,Not Good,17
Hopper,Bajarl,999,999,999,999,999,999,Naga,Suezo,999,999,999,999,999,999,Suezo,Suezo,175,212,263,218,183,197,Up to You,8
Hopper,Bajarl,999,999,999,999,999,999,Naga,Suezo,999,999,999,999,999,999,Naga,Suezo,202,219,189,205,159,183,Up to You,15
Hopper,Bajarl,999,999,999,999,999,999,Naga,Suezo,999,999,999,999,999,999,Hopper,Bajarl,142,179,189,245,199,133,Up to You,28
Hopper,Bajarl,999,999,999,999,999,999,Naga,Suezo,999,999,999,999,999,999,Hopper,Suezo,142,169,219,235,189,123,Up to You,28
Hopper,Bajarl,999,999,999,999,999,999,Naga,Suezo,999,999,999,999,999,999,Hopper,Suezo,142,169,219,235,189,123,Up to You,28
Dragon,Metalner,300,999,999,999,999,999,Durahan,Phoenix,800,900,999,850,700,999,Dragon,Durahan,128,234,206,181,150,193,Unsure,39
Dragon,Metalner,300,999,999,999,999,999,Durahan,Phoenix,800,900,999,850,700,999,Dragon,Metalner,104,331,189,213,162,379,Unsure,20
Dragon,Metalner,300,999,999,999,999,999,Durahan,Phoenix,800,900,999,850,700,999,Durahan,Dragon,139,340,242,195,154,228,Unsure,14
Dragon,Metalner,300,999,999,999,999,999,Durahan,Phoenix,800,900,999,850,700,999,Dragon,Metalner,104,352,189,213,162,363,Unsure,20
Dragon,Metalner,300,999,999,999,999,999,Durahan,Phoenix,800,900,999,850,700,999,Durahan,Metalner,135,421,185,237,166,431,Unsure,7
Dragon,Metalner,300,999,999,999,999,999,Arrowhead,Joker,800,900,999,581,700,999,Dragon,Metalner,104,311,189,204,163,379,Unsure,21
Dragon,Metalner,300,999,999,999,999,999,Arrowhead,Joker,800,900,999,581,700,999,Dragon,Arrowhead,128,214,206,173,151,193,Unsure,42
Dragon,Metalner,300,999,999,999,999,999,Arrowhead,Joker,800,900,999,581,700,999,Dragon,Joker,134,326,239,204,163,186,Unsure,21
Dragon,Metalner,300,999,999,999,999,999,Arrowhead,Joker,800,900,999,581,700,999,Dragon,Metalner,104,353,189,204,163,373,Unsure,21
Dragon,Metalner,300,999,999,999,999,999,Arrowhead,Joker,800,900,999,581,700,999,Arrowhead,Joker,145,213,225,225,167,366,Unsure,4
Dragon,Metalner,300,999,999,999,999,999,Golem,Joker,999,999,999,999,999,999,Dragon,Golem,140,249,218,158,172,206,Unsure,26
Dragon,Metalner,300,999,999,999,999,999,Golem,Joker,999,999,999,999,999,999,Dragon,Dragon,153,276,264,224,199,211,Unsure,5
Dragon,Metalner,300,999,999,999,999,999,Golem,Joker,999,999,999,999,999,999,Golem,Dragon,140,299,208,168,142,226,Unsure,19
Dragon,Metalner,300,999,999,999,999,999,Golem,Joker,999,999,999,999,999,999,Dragon,Metalner,116,361,201,231,185,393,Unsure,13
Dragon,Metalner,300,999,999,999,999,999,Golem,Joker,999,999,999,999,999,999,Golem,Joker,146,410,231,201,155,387,Unsure,9
Dragon,Metalner,300,999,999,999,999,999,Jell,Monol,999,999,999,999,999,999,Dragon,Metalner,103,167,176,204,158,311,Not Good,30
Dragon,Metalner,300,999,999,999,999,999,Jell,Monol,999,999,999,999,999,999,Jell,Jell,146,184,222,210,205,365,Not Good,9
Dragon,Metalner,300,999,999,999,999,999,Jell,Monol,999,999,999,999,999,999,Dragon,Monol,140,231,219,197,171,206,Not Good,29
Dragon,Metalner,300,999,999,999,999,999,Jell,Monol,999,999,999,999,999,999,Dragon,Metalner,103,167,176,204,158,307,Not Good,30
Dragon,Metalner,300,999,999,999,999,999,Jell,Monol,999,999,999,999,999,999,Jell,Jell,146,184,222,210,205,341,Not Good,9
Dragon,Metalner,300,999,999,999,999,999,Worm,Suezo,999,999,999,999,999,999,Dragon,Metalner,102,251,176,205,158,215,Not Good,42
Dragon,Metalner,300,999,999,999,999,999,Worm,Suezo,999,999,999,999,999,999,Dragon,Dragon,139,249,239,198,172,188,Not Good,17
Dragon,Metalner,300,999,999,999,999,999,Worm,Suezo,999,999,999,999,999,999,Dragon,Metalner,102,269,176,205,158,215,Not Good,42
Dragon,Metalner,300,999,999,999,999,999,Worm,Suezo,999,999,999,999,999,999,Suezo,Suezo,125,362,262,221,185,191,Not Good,11
Dragon,Metalner,300,999,999,999,999,999,Worm,Suezo,999,999,999,999,999,999,Worm,Worm,225,193,202,211,155,181,Not Good,12
Dragon,Metalner,300,999,999,999,999,999,Tiger,Pixie,999,999,999,999,999,999,Dragon,Pixie,120,211,248,196,179,188,Up to You,15
Dragon,Metalner,300,999,999,999,999,999,Tiger,Pixie,999,999,999,999,999,999,Dragon,Metalner,110,181,188,216,169,228,Up to You,16
Dragon,Metalner,300,999,999,999,999,999,Tiger,Pixie,999,999,999,999,999,999,Dragon,Tiger,134,207,225,193,156,145,Up to You,30
Dragon,Metalner,300,999,999,999,999,999,Tiger,Pixie,999,999,999,999,999,999,Tiger,Tiger,134,198,234,261,246,174,Up to You,4
Dragon,Metalner,300,999,999,999,999,999,Tiger,Pixie,999,999,999,999,999,999,Tiger,Pixie,144,188,244,271,256,164,Up to You,7
Dragon,Metalner,300,999,999,999,999,999,Hopper,Bajarl,999,999,999,999,999,999,Dragon,Bajarl,141,250,209,196,170,189,Up to You,22
Dragon,Metalner,300,999,999,999,999,999,Hopper,Bajarl,999,999,999,999,999,999,Dragon,Dragon,148,263,253,208,183,202,Up to You,9
Dragon,Metalner,300,999,999,999,999,999,Hopper,Bajarl,999,999,999,999,999,999,Hopper,Hopper,115,207,216,261,257,175,Up to You,7
Dragon,Metalner,300,999,999,999,999,999,Hopper,Bajarl,999,999,999,999,999,999,Hopper,Metalner,118,173,183,248,193,202,Up to You,10
Dragon,Metalner,300,999,999,999,999,999,Hopper,Bajarl,999,999,999,999,999,999,Hopper,Dragon,111,180,219,236,200,169,Up to You,20
Dragon,Metalner,300,999,999,999,999,999,Ducken,Golem,999,999,999,999,999,999,Golem,Golem,148,312,202,160,154,250,Fine,10
Dragon,Metalner,300,999,999,999,999,999,Ducken,Golem,999,999,999,999,999,999,Golem,Dragon,141,299,209,167,141,227,Fine,18
Dragon,Metalner,300,999,999,999,999,999,Ducken,Golem,999,999,999,999,999,999,Dragon,Metalner,111,179,189,305,171,227,Fine,24
Dragon,Metalner,300,999,999,999,999,999,Ducken,Golem,999,999,999,999,999,999,Ducken,Ducken,132,198,248,434,221,166,Fine,3
Dragon,Metalner,300,999,999,999,999,999,Ducken,Golem,999,999,999,999,999,999,Dragon,Metalner,111,179,189,341,171,227,Fine,24
Dragon,Metalner,300,999,999,999,999,999,Naga,Suezo,999,999,999,999,999,999,Dragon,Dragon,139,249,239,197,171,187,Unsure,17
Dragon,Metalner,300,999,999,999,999,999,Naga,Suezo,999,999,999,999,999,999,Naga,Suezo,159,219,360,367,161,177,Unsure,18
Dragon,Metalner,300,999,999,999,999,999,Naga,Suezo,999,999,999,999,999,999,Dragon,Metalner,103,166,318,342,158,214,Unsure,42
Dragon,Metalner,300,999,999,999,999,999,Naga,Suezo,999,999,999,999,999,999,Naga,Suezo,159,219,323,357,161,177,Unsure,18
Dragon,Metalner,300,999,999,999,999,999,Naga,Suezo,999,999,999,999,999,999,Naga,Suezo,159,219,360,367,161,177,Unsure,18
Ducken,Golem,999,999,999,999,999,999,Durahan,Phoenix,800,900,999,850,700,999,Golem,Durahan,173,261,165,141,120,245,Up to You,45
Ducken,Golem,999,999,999,999,999,999,Durahan,Phoenix,800,900,999,850,700,999,Durahan,Phoenix,188,206,221,196,174,241,Up to You,11
Ducken,Golem,999,999,999,999,999,999,Durahan,Phoenix,800,900,999,850,700,999,Durahan,Golem,208,236,191,176,144,261,Up to You,11
Ducken,Golem,999,999,999,999,999,999,Durahan,Phoenix,800,900,999,850,700,999,Golem,Durahan,173,261,165,141,120,245,Up to You,45
Ducken,Golem,999,999,999,999,999,999,Durahan,Phoenix,800,900,999,850,700,999,Ducken,Ducken,171,178,234,238,196,154,Up to You,6
Ducken,Golem,999,999,999,999,999,999,Arrowhead,Joker,800,900,999,581,700,999,Ducken,Ducken,171,179,234,226,196,154,Up to You,5
Ducken,Golem,999,999,999,999,999,999,Arrowhead,Joker,800,900,999,581,700,999,Golem,Arrowhead,183,212,175,134,100,265,Up to You,40
Ducken,Golem,999,999,999,999,999,999,Arrowhead,Joker,800,900,999,581,700,999,Golem,Joker,176,204,218,174,132,228,Up to You,21
Ducken,Golem,999,999,999,999,999,999,Arrowhead,Joker,800,900,999,581,700,999,Arrowhead,Golem,221,249,174,136,156,294,Up to You,6
Ducken,Golem,999,999,999,999,999,999,Arrowhead,Joker,800,900,999,581,700,999,Arrowhead,Arrowhead,221,179,174,116,136,274,Up to You,5
Ducken,Golem,999,999,999,999,999,999,Golem,Joker,999,999,999,999,999,999,Golem,Golem,154,271,162,122,114,212,Up to You,60
Ducken,Golem,999,999,999,999,999,999,Golem,Joker,999,999,999,999,999,999,Golem,Joker,182,206,218,188,141,228,Up to You,28
Ducken,Golem,999,999,999,999,999,999,Golem,Joker,999,999,999,999,999,999,Golem,Golem,154,271,162,122,114,212,Up to You,60
Ducken,Golem,999,999,999,999,999,999,Golem,Joker,999,999,999,999,999,999,Golem,Golem,154,271,162,122,114,212,Up to You,60
Ducken,Golem,999,999,999,999,999,999,Golem,Joker,999,999,999,999,999,999,Golem,Joker,182,206,218,188,141,228,Up to You,28
Ducken,Golem,999,999,999,999,999,999,Jell,Monol,999,999,999,999,999,999,Golem,Jell,188,225,165,135,117,285,Up to You,31
Ducken,Golem,999,999,999,999,999,999,Jell,Monol,999,999,999,999,999,999,Monol,Monol,219,234,244,204,118,324,Up to You,6
Ducken,Golem,999,999,999,999,999,999,Jell,Monol,999,999,999,999,999,999,Jell,Jell,209,194,234,224,218,244,Up to You,6
Ducken,Golem,999,999,999,999,999,999,Jell,Monol,999,999,999,999,999,999,Monol,Golem,199,234,224,204,118,304,Up to You,5
Ducken,Golem,999,999,999,999,999,999,Jell,Monol,999,999,999,999,999,999,Jell,Monol,195,181,221,211,174,241,Up to You,9
Ducken,Golem,999,999,999,999,999,999,Worm,Suezo,999,999,999,999,999,999,Golem,Golem,194,309,201,161,155,253,Up to You,10
Ducken,Golem,999,999,999,999,999,999,Worm,Suezo,999,999,999,999,999,999,Ducken,Ducken,178,182,234,244,208,157,Up to You,4
Ducken,Golem,999,999,999,999,999,999,Worm,Suezo,999,999,999,999,999,999,Suezo,Suezo,188,222,274,234,198,207,Up to You,5
Ducken,Golem,999,999,999,999,999,999,Worm,Suezo,999,999,999,999,999,999,Golem,Worm,217,224,175,155,88,197,Up to You,31
Ducken,Golem,999,999,999,999,999,999,Worm,Suezo,999,999,999,999,999,999,Golem,Suezo,191,206,218,148,141,230,Up to You,15
Ducken,Golem,999,999,999,999,999,999,Tiger,Pixie,999,999,999,999,999,999,Golem,Tiger,202,218,188,206,149,181,Not Good,29
Ducken,Golem,999,999,999,999,999,999,Tiger,Pixie,999,999,999,999,999,999,Golem,Golem,196,311,323,159,152,254,Not Good,10
Ducken,Golem,999,999,999,999,999,999,Tiger,Pixie,999,999,999,999,999,999,Tiger,Tiger,190,194,394,262,245,178,Not Good,6
Ducken,Golem,999,999,999,999,999,999,Tiger,Pixie,999,999,999,999,999,999,Golem,Golem,196,311,299,159,152,254,Not Good,10
Ducken,Golem,999,999,999,999,999,999,Tiger,Pixie,999,999,999,999,999,999,Golem,Pixie,172,228,218,156,149,201,Not Good,15
Ducken,Golem,999,999,999,999,999,999,Hopper,Bajarl,999,999,999,999,999,999,Golem,Bajarl,179,224,252,154,136,198,Not Good,32
Ducken,Golem,999,999,999,999,999,999,Hopper,Bajarl,999,999,999,999,999,999,Hopper,Bajarl,143,177,305,246,199,131,Not Good,19
Ducken,Golem,999,999,999,999,999,999,Hopper,Bajarl,999,999,999,999,999,999,Hopper,Hopper,157,190,319,249,243,165,Not Good,13
Ducken,Golem,999,999,999,999,999,999,Hopper,Bajarl,999,999,999,999,999,999,Golem,Golem,183,297,289,146,139,241,Not Good,22
Ducken,Golem,999,999,999,999,999,999,Hopper,Bajarl,999,999,999,999,999,999,Golem,Golem,183,297,300,146,139,241,Not Good,22
Ducken,Golem,999,999,999,999,999,999,Dragon,Metalner,300,999,999,999,999,999,Dragon,Golem,172,260,232,170,285,221,Fine,12
Ducken,Golem,999,999,999,999,999,999,Dragon,Metalner,300,999,999,999,999,999,Golem,Dragon,152,284,196,154,127,215,Fine,33
Ducken,Golem,999,999,999,999,999,999,Dragon,Metalner,300,999,999,999,999,999,Golem,Metalner,152,187,179,197,111,278,Fine,17
Ducken,Golem,999,999,999,999,999,999,Dragon,Metalner,300,999,999,999,999,999,Ducken,Golem,383,266,238,589,514,227,Fine,3
Ducken,Golem,999,999,999,999,999,999,Dragon,Metalner,300,999,999,999,999,999,Dragon,Golem,172,260,232,170,279,221,Fine,12
Ducken,Golem,999,999,999,999,999,999,Naga,Suezo,999,999,999,999,999,999,Golem,Naga,188,334,126,135,117,216,Unsure,31
Ducken,Golem,999,999,999,999,999,999,Naga,Suezo,999,999,999,999,999,999,Golem,Suezo,191,206,219,148,141,229,Unsure,15
Ducken,Golem,999,999,999,999,999,999,Naga,Suezo,999,999,999,999,999,999,Naga,Golem,225,382,192,211,184,233,Unsure,9
Ducken,Golem,999,999,999,999,999,999,Naga,Suezo,999,999,999,999,999,999,Suezo,Suezo,188,221,275,400,198,206,Unsure,5
Ducken,Golem,999,999,999,999,999,999,Naga,Suezo,999,999,999,999,999,999,Golem,Naga,188,343,126,135,117,216,Unsure,31
Naga,Suezo,999,999,999,999,999,999,Durahan,Phoenix,800,900,999,850,700,999,Naga,Suezo,181,202,176,191,222,166,Not Good,39
Naga,Suezo,999,999,999,999,999,999,Durahan,Phoenix,800,900,999,850,700,999,Naga,Naga,193,234,179,223,183,209,Not Good,17
Naga,Suezo,999,999,999,999,999,999,Durahan,Phoenix,800,900,999,850,700,999,Naga,Suezo,181,202,176,191,226,166,Not Good,39
Naga,Suezo,999,999,999,999,999,999,Durahan,Phoenix,800,900,999,850,700,999,Suezo,Suezo,153,194,249,203,163,179,Not Good,15
Naga,Suezo,999,999,999,999,999,999,Durahan,Phoenix,800,900,999,850,700,999,Durahan,Phoenix,173,194,209,183,280,229,Not Good,17
Naga,Suezo,999,999,999,999,999,999,Arrowhead,Joker,800,900,999,581,700,999,Naga,Suezo,181,202,176,184,211,166,Not Good,40
Naga,Suezo,999,999,999,999,999,999,Arrowhead,Joker,800,900,999,581,700,999,Naga,Suezo,181,202,176,184,223,166,Not Good,40
Naga,Suezo,999,999,999,999,999,999,Arrowhead,Joker,800,900,999,581,700,999,Arrowhead,Arrowhead,205,167,162,105,264,262,Not Good,8
Naga,Suezo,999,999,999,999,999,999,Arrowhead,Joker,800,900,999,581,700,999,Arrowhead,Joker,185,197,212,215,265,242,Not Good,10
Naga,Suezo,999,999,999,999,999,999,Arrowhead,Joker,800,900,999,581,700,999,Naga,Naga,193,235,179,214,183,209,Not Good,17
Naga,Suezo,999,999,999,999,999,999,Golem,Joker,999,999,999,999,999,999,Golem,Naga,199,267,138,148,227,229,Not Good,19
Naga,Suezo,999,999,999,999,999,999,Golem,Joker,999,999,999,999,999,999,Golem,Joker,192,220,231,201,305,242,Not Good,10
Naga,Suezo,999,999,999,999,999,999,Golem,Joker,999,999,999,999,999,999,Naga,Suezo,212,230,201,221,293,192,Not Good,12
Naga,Suezo,999,999,999,999,999,999,Golem,Joker,999,999,999,999,999,999,Naga,Golem,209,227,178,198,267,219,Not Good,22
Naga,Suezo,999,999,999,999,999,999,Golem,Joker,999,999,999,999,999,999,Golem,Naga,199,267,138,148,255,229,Not Good,19
Naga,Suezo,999,999,999,999,999,999,Jell,Monol,999,999,999,999,999,999,Naga,Suezo,212,231,202,221,304,192,Not Good,11
Naga,Suezo,999,999,999,999,999,999,Jell,Monol,999,999,999,999,999,999,Jell,Jell,218,207,248,237,233,258,Not Good,3
Naga,Suezo,999,999,999,999,999,999,Jell,Monol,999,999,999,999,999,999,Naga,Suezo,212,231,202,221,324,192,Not Good,11
Naga,Suezo,999,999,999,999,999,999,Jell,Monol,999,999,999,999,999,999,Naga,Jell,189,198,169,228,182,209,Not Good,21
Naga,Suezo,999,999,999,999,999,999,Jell,Monol,999,999,999,999,999,999,Naga,Monol,212,231,182,201,195,242,Not Good,11
Naga,Suezo,999,999,999,999,999,999,Worm,Suezo,999,999,999,999,999,999,Naga,Suezo,198,217,189,208,329,353,Unsure,21
Naga,Suezo,999,999,999,999,999,999,Worm,Suezo,999,999,999,999,999,999,Worm,Suezo,241,210,222,201,357,373,Unsure,10
Naga,Suezo,999,999,999,999,999,999,Worm,Suezo,999,999,999,999,999,999,Naga,Worm,198,207,149,228,172,191,Unsure,21
Naga,Suezo,999,999,999,999,999,999,Worm,Suezo,999,999,999,999,999,999,Naga,Suezo,198,217,189,208,324,316,Unsure,21
Naga,Suezo,999,999,999,999,999,999,Worm,Suezo,999,999,999,999,999,999,Suezo,Suezo,158,197,249,208,172,181,Unsure,16
Naga,Suezo,999,999,999,999,999,999,Tiger,Pixie,999,999,999,999,999,999,Tiger,Naga,183,211,201,279,223,175,Up to You,10
Naga,Suezo,999,999,999,999,999,999,Tiger,Pixie,999,999,999,999,999,999,Naga,Pixie,193,221,201,229,213,185,Up to You,10
Naga,Suezo,999,999,999,999,999,999,Tiger,Pixie,999,999,999,999,999,999,Tiger,Suezo,196,184,234,272,207,168,Up to You,5
Naga,Suezo,999,999,999,999,999,999,Tiger,Pixie,999,999,999,999,999,999,Suezo,Tiger,173,211,251,219,203,195,Up to You,10
Naga,Suezo,999,999,999,999,999,999,Tiger,Pixie,999,999,999,999,999,999,Naga,Naga,226,264,204,252,217,238,Up to You,4
Naga,Suezo,999,999,999,999,999,999,Hopper,Bajarl,999,999,999,999,999,999,Naga,Suezo,187,205,176,194,147,168,Up to You,32
Naga,Suezo,999,999,999,999,999,999,Hopper,Bajarl,999,999,999,999,999,999,Hopper,Suezo,140,168,219,236,191,122,Up to You,16
Naga,Suezo,999,999,999,999,999,999,Hopper,Bajarl,999,999,999,999,999,999,Hopper,Bajarl,140,178,189,246,201,132,Up to You,16
Naga,Suezo,999,999,999,999,999,999,Hopper,Bajarl,999,999,999,999,999,999,Naga,Suezo,187,205,176,194,147,168,Up to You,32
Naga,Suezo,999,999,999,999,999,999,Hopper,Bajarl,999,999,999,999,999,999,Suezo,Suezo,173,211,263,219,184,195,Up to You,12
Naga,Suezo,999,999,999,999,999,999,Dragon,Metalner,300,999,999,999,999,999,Naga,Suezo,169,205,318,307,148,166,Unsure,36
Naga,Suezo,999,999,999,999,999,999,Dragon,Metalner,300,999,999,999,999,999,Naga,Suezo,169,205,323,311,148,166,Unsure,36
Naga,Suezo,999,999,999,999,999,999,Dragon,Metalner,300,999,999,999,999,999,Suezo,Suezo,149,211,263,354,185,192,Unsure,14
Naga,Suezo,999,999,999,999,999,999,Dragon,Metalner,300,999,999,999,999,999,Dragon,Metalner,129,178,328,378,172,229,Unsure,21
Naga,Suezo,999,999,999,999,999,999,Dragon,Metalner,300,999,999,999,999,999,Dragon,Metalner,129,178,323,373,172,229,Unsure,21
Naga,Suezo,999,999,999,999,999,999,Ducken,Golem,999,999,999,999,999,999,Golem,Golem,193,441,202,161,155,253,Unsure,9
Naga,Suezo,999,999,999,999,999,999,Ducken,Golem,999,999,999,999,999,999,Golem,Naga,200,359,139,148,131,230,Unsure,16
Naga,Suezo,999,999,999,999,999,999,Ducken,Golem,999,999,999,999,999,999,Suezo,Suezo,187,222,275,379,198,207,Unsure,7
Naga,Suezo,999,999,999,999,999,999,Ducken,Golem,999,999,999,999,999,999,Naga,Suezo,200,345,189,348,161,180,Unsure,19
Naga,Suezo,999,999,999,999,999,999,Ducken,Golem,999,999,999,999,999,999,Golem,Naga,200,369,139,148,131,230,Unsure,16
Monol,Zuum,676,966,760,937,279,972,Plant,Plant,999,539,980,999,601,999,Plant,Zuum,230,168,204,212,139,192,Up to You,7
Monol,Zuum,676,966,760,937,279,972,Plant,Plant,999,539,980,999,601,999,Monol,Plant,170,166,193,166,69,196,Up to You,28
Monol,Zuum,676,966,760,937,279,972,Plant,Plant,999,539,980,999,601,999,Zuum,Plant,190,156,143,216,149,176,Up to You,22
Monol,Zuum,676,966,760,937,279,972,Plant,Plant,999,539,980,999,601,999,Plant,Monol,220,167,204,209,134,199,Up to You,14
Monol,Zuum,676,966,760,937,279,972,Plant,Plant,999,539,980,999,601,999,Monol,Zuum,160,187,194,189,64,239,Up to You,9
Monol,Zuum,676,966,760,937,279,972,Baku,Kato,951,986,950,999,987,965,Monol,Zuum,148,187,183,178,71,223,Up to You,21
Monol,Zuum,676,966,760,937,279,972,Baku,Kato,951,986,950,999,987,965,Zuum,Baku,179,184,132,175,124,161,Up to You,30
Monol,Zuum,676,966,760,937,279,972,Baku,Kato,951,986,950,999,987,965,Monol,Monol,178,220,213,191,58,306,Up to You,9
Monol,Zuum,676,966,760,937,279,972,Baku,Kato,951,986,950,999,987,965,Baku,Kato,238,213,204,174,155,228,Up to You,7
Monol,Zuum,676,966,760,937,279,972,Baku,Kato,951,986,950,999,987,965,Baku,Baku,258,233,134,174,115,248,Up to You,5
Monol,Zuum,676,966,760,937,279,972,Dragon,Kato,816,881,993,996,864,906,Monol,Zuum,146,183,183,176,66,222,Up to You,16
Monol,Zuum,676,966,760,937,279,972,Dragon,Kato,816,881,993,996,864,906,Zuum,Kato,185,175,203,228,142,194,Up to You,12
Monol,Zuum,676,966,760,937,279,972,Dragon,Kato,816,881,993,996,864,906,Zuum,Dragon,146,193,173,216,136,152,Up to You,23
Monol,Zuum,676,966,760,937,279,972,Dragon,Kato,816,881,993,996,864,906,Dragon,Monol,156,223,203,196,126,202,Up to You,18
Monol,Zuum,676,966,760,937,279,972,Dragon,Kato,816,881,993,996,864,906,Dragon,Dragon,175,267,244,221,138,206,Up to You,6
Cpandora,Cpandora,232,280,233,345,161,127,Pixie,Joker,345,375,467,240,148,145,Pixie,Joker,79,98,187,195,113,76,Unsure,32
Cpandora,Cpandora,232,280,233,345,161,127,Pixie,Joker,345,375,467,240,148,145,Joker,Joker,135,139,228,257,104,115,Unsure,7
Cpandora,Cpandora,232,280,233,345,161,127,Pixie,Joker,345,375,467,240,148,145,Cpandora,Cpandora,181,72,51,116,113,75,Unsure,21
Dragon,Kato,816,881,993,996,864,906,Pixie,Joker,345,375,467,240,148,145,Pixie,Joker,129,141,357,351,162,118,Fine,9
Dragon,Kato,816,881,993,996,864,906,Pixie,Joker,345,375,467,240,148,145,Dragon,Joker,159,191,379,345,142,168,Fine,12
Dragon,Kato,816,881,993,996,864,906,Pixie,Joker,345,375,467,240,148,145,Dragon,Dragon,168,240,238,193,150,176,Fine,5
Dragon,Kato,816,881,993,996,864,906,Pixie,Joker,345,375,467,240,148,145,Pixie,Kato,109,141,352,321,192,118,Fine,9
Dragon,Kato,816,881,993,996,864,906,Pixie,Joker,345,375,467,240,148,145,Joker,Dragon,196,219,507,447,325,164,Fine,3
Dragon,Kato,816,881,993,996,864,906,Wracky,Metalner,110,103,139,152,150,158,Wracky,Metalner,111,103,178,163,181,166,Not Good,9
Dragon,Kato,816,881,993,996,864,906,Wracky,Metalner,110,103,139,152,150,158,Dragon,Metalner,114,145,160,269,134,198,Not Good,25
Dragon,Kato,816,881,993,996,864,906,Wracky,Metalner,110,103,139,152,150,158,Dragon,Kato,144,185,210,174,174,158,Not Good,25
Dragon,Kato,816,881,993,996,864,906,Wracky,Metalner,110,103,139,152,150,158,Dragon,Dragon,151,223,218,183,141,166,Not Good,10
Dragon,Kato,816,881,993,996,864,906,Wracky,Metalner,110,103,139,152,150,158,Wracky,Dragon,134,145,200,134,154,118,Not Good,18
Monol,Zuum,676,966,760,937,279,972,Pixie,Joker,345,375,467,240,148,145,Pixie,Monol,93,140,186,172,125,181,Up to You,16
Monol,Zuum,676,966,760,937,279,972,Pixie,Joker,345,375,467,240,148,145,Zuum,Joker,177,180,152,210,150,178,Up to You,7
Monol,Zuum,676,966,760,937,279,972,Pixie,Joker,345,375,467,240,148,145,Zuum,Zuum,187,200,142,210,120,178,Up to You,5
Monol,Zuum,676,966,760,937,279,972,Pixie,Joker,345,375,467,240,148,145,Monol,Pixie,133,190,196,152,65,171,Up to You,20
Monol,Zuum,676,966,760,937,279,972,Pixie,Joker,345,375,467,240,148,145,Pixie,Joker,120,150,224,211,128,120,Up to You,8
Monol,Zuum,676,966,760,937,279,972,Pixie,Joker,345,375,467,240,148,145,Monol,Monol,167,210,202,170,30,288,Up to You,4
Monol,Zuum,676,966,760,937,279,972,Pixie,Joker,345,375,467,240,148,145,Pixie,Zuum,120,150,184,211,158,150,Up to You,8
Baku,Kato,951,986,950,999,987,965,Pixie,Joker,345,375,467,240,148,145,Baku,Joker,215,201,158,168,124,172,Not Good,15
Baku,Kato,951,986,950,999,987,965,Pixie,Joker,345,375,467,240,148,145,Pixie,Kato,105,141,228,208,194,112,Not Good,19
Baku,Kato,951,986,950,999,987,965,Pixie,Joker,345,375,467,240,148,145,Kato,Kato,143,141,247,217,232,169,Not Good,5
Baku,Kato,951,986,950,999,987,965,Pixie,Joker,345,375,467,240,148,145,Baku,Baku,244,201,117,137,123,210,Not Good,8
Baku,Kato,951,986,950,999,987,965,Pixie,Joker,345,375,467,240,148,145,Pixie,Pixie,114,151,237,217,203,120,Not Good,11
Pixie,Wracky,775,564,823,746,672,494,Gali,Plant,544,397,787,494,524,733,Pixie,Gali,97,111,274,191,147,97,Unsure,33
Pixie,Wracky,775,564,823,746,672,494,Gali,Plant,544,397,787,494,524,733,Pixie,Wracky,106,117,333,249,185,105,Unsure,16
Pixie,Wracky,775,564,823,746,672,494,Gali,Plant,544,397,787,494,524,733,Pixie,Plant,156,117,198,199,155,105,Unsure,16
Pixie,Wracky,775,564,823,746,672,494,Gali,Plant,544,397,787,494,524,733,Gali,Pixie,165,174,361,283,162,142,Unsure,10
Pixie,Wracky,775,564,823,746,672,494,Gali,Plant,544,397,787,494,524,733,Plant,Pixie,195,90,389,322,160,120,Unsure,5
Pixie,Wracky,775,564,823,746,672,494,Golem,Zilla,813,643,487,526,522,285,Pixie,Golem,133,146,191,163,138,154,Up to You,30
Pixie,Wracky,775,564,823,746,672,494,Golem,Zilla,813,643,487,526,522,285,Golem,Golem,185,278,175,138,120,199,Up to You,5
Pixie,Wracky,775,564,823,746,672,494,Golem,Zilla,813,643,487,526,522,285,Golem,Zilla,184,201,197,140,113,194,Up to You,8
Pixie,Wracky,775,564,823,746,672,494,Golem,Zilla,813,643,487,526,522,285,Golem,Pixie,154,193,189,131,115,149,Up to You,16
Pixie,Wracky,775,564,823,746,672,494,Golem,Zilla,813,643,487,526,522,285,Pixie,Wracky,114,123,219,151,185,89,Up to You,16
Pixie,Wracky,775,564,823,746,672,494,Jell,Hare,428,877,682,426,746,875,Pixie,Jell,94,123,216,189,152,100,Up to You,33
Pixie,Wracky,775,564,823,746,672,494,Jell,Hare,428,877,682,426,746,875,Pixie,Hare,122,151,165,196,190,108,Up to You,16
Pixie,Wracky,775,564,823,746,672,494,Jell,Hare,428,877,682,426,746,875,Jell,Pixie,141,150,214,214,158,166,Up to You,10
Pixie,Wracky,775,564,823,746,672,494,Jell,Hare,428,877,682,426,746,875,Pixie,Pixie,120,148,243,212,207,124,Up to You,6
Pixie,Wracky,775,564,823,746,672,494,Niton,Durahan,238,203,221,699,701,459,Wracky,Wracky,83,51,207,116,224,78,Good,6
Pixie,Wracky,775,564,823,746,672,494,Niton,Durahan,238,203,221,699,701,459,Pixie,Durahan,127,141,183,207,148,166,Good,28
Pixie,Wracky,775,564,823,746,672,494,Niton,Durahan,238,203,221,699,701,459,Niton,Durahan,153,171,137,146,204,148,Good,6
Pixie,Wracky,775,564,823,746,672,494,Niton,Durahan,238,203,221,699,701,459,Pixie,Wracky,97,111,213,272,269,96,Good,28
Pixie,Wracky,775,564,823,746,672,494,Niton,Durahan,238,203,221,699,701,459,Pixie,Pixie,105,116,220,217,196,102,Good,10
Pixie,Wracky,775,564,823,746,672,494,Zuum,Mock,487,443,573,768,770,699,Pixie,Wracky,105,118,222,157,190,103,Not Good,16
Pixie,Wracky,775,564,823,746,672,494,Zuum,Mock,487,443,573,768,770,699,Pixie,Pixie,123,131,240,226,207,117,Not Good,5
Pixie,Wracky,775,564,823,746,672,494,Zuum,Mock,487,443,573,768,770,699,Pixie,Zuum,116,156,174,198,182,126,Not Good,31
Pixie,Wracky,775,564,823,746,672,494,Zuum,Mock,487,443,573,768,770,699,Zuum,Pixie,134,154,181,207,158,140,Not Good,14
Pixie,Wracky,775,564,823,746,672,494,Wracky,Henger,525,419,546,750,519,545,Wracky,Pixie,127,75,199,157,199,97,Good,9
Pixie,Wracky,775,564,823,746,672,494,Wracky,Henger,525,419,546,750,519,545,Wracky,Wracky,77,49,201,98,202,70,Good,21
Pixie,Wracky,775,564,823,746,672,494,Wracky,Henger,525,419,546,750,519,545,Pixie,Wracky,88,106,290,138,250,163,Good,55
Pixie,Wracky,775,564,823,746,672,494,Suezo,Tiger,611,556,273,484,673,675,Pixie,Wracky,109,122,212,149,237,103,Not Good,16
Pixie,Wracky,775,564,823,746,672,494,Suezo,Tiger,611,556,273,484,673,675,Pixie,Suezo,99,115,205,191,150,96,Not Good,33
Pixie,Wracky,775,564,823,746,672,494,Suezo,Tiger,611,556,273,484,673,675,Pixie,Pixie,129,136,226,215,204,117,Not Good,6
Pixie,Wracky,775,564,823,746,672,494,Suezo,Tiger,611,556,273,484,673,675,Pixie,Tiger,109,122,212,199,188,103,Not Good,16
Pixie,Wracky,775,564,823,746,672,494,Dragon,Kato,430,375,524,494,842,704,Pixie,Kato,102,116,296,199,192,103,Unsure,16
Pixie,Wracky,775,564,823,746,672,494,Dragon,Kato,430,375,524,494,842,704,Pixie,Wracky,102,116,313,149,281,103,Unsure,16
Pixie,Wracky,775,564,823,746,672,494,Dragon,Kato,430,375,524,494,842,704,Dragon,Pixie,141,172,321,178,161,161,Unsure,11
Pixie,Wracky,775,564,823,746,672,494,Dragon,Kato,430,375,524,494,842,704,Pixie,Dragon,134,140,298,181,164,116,Unsure,31
Gali,Plant,544,397,787,494,524,733,Pixie,Wracky,775,564,823,746,672,494,Gali,Pixie,147,161,329,234,152,141,Unsure,23
Gali,Plant,544,397,787,494,524,733,Pixie,Wracky,775,564,823,746,672,494,Gali,Gali,173,172,404,290,146,168,Unsure,5
Gali,Plant,544,397,787,494,524,733,Pixie,Wracky,775,564,823,746,672,494,Pixie,Wracky,105,117,360,245,189,119,Unsure,9
Gali,Plant,544,397,787,494,524,733,Pixie,Wracky,775,564,823,746,672,494,Pixie,Gali,97,111,314,191,152,111,Unsure,19
Gali,Plant,544,397,787,494,524,733,Pixie,Wracky,775,564,823,746,672,494,Plant,Pixie,175,77,357,249,149,119,Unsure,11
Gali,Plant,544,397,787,494,524,733,Golem,Zilla,813,643,487,526,522,285,Gali,Golem,136,192,169,145,140,192,Unsure,22
Gali,Plant,544,397,787,494,524,733,Golem,Zilla,813,643,487,526,522,285,Golem,Zilla,164,187,197,121,106,209,Unsure,10
Gali,Plant,544,397,787,494,524,733,Golem,Zilla,813,643,487,526,522,285,Golem,Gali,146,182,159,95,90,172,Unsure,19
Gali,Plant,544,397,787,494,524,733,Golem,Zilla,813,643,487,526,522,285,Plant,Golem,214,157,167,121,116,179,Unsure,12
Gali,Plant,544,397,787,494,524,733,Golem,Zilla,813,643,487,526,522,285,Gali,Plant,164,137,197,161,126,139,Unsure,12
Gali,Plant,544,397,787,494,524,733,Jell,Hare,428,877,682,426,746,875,Gali,Plant,151,146,204,155,132,160,Up to You,11
Gali,Plant,544,397,787,494,524,733,Jell,Hare,428,877,682,426,746,875,Jell,Gali,131,126,204,145,152,220,Up to You,10
Gali,Plant,544,397,787,494,524,733,Jell,Hare,428,877,682,426,746,875,Jell,Hare,147,163,203,190,180,220,Up to You,5
Gali,Plant,544,397,787,494,524,733,Jell,Hare,428,877,682,426,746,875,Jell,Plant,167,133,223,180,150,190,Up to You,5
Gali,Plant,544,397,787,494,524,733,Jell,Hare,428,877,682,426,746,875,Jell,Jell,153,150,212,165,177,230,Up to You,3
Gali,Plant,544,397,787,494,524,733,Jell,Hare,428,877,682,426,746,875,Gali,Hare,141,196,174,165,172,160,Up to You,11
Gali,Plant,544,397,787,494,524,733,Jell,Hare,428,877,682,426,746,875,Gali,Plant,151,146,204,155,132,160,Up to You,11
Gali,Plant,544,397,787,494,524,733,Jell,Hare,428,877,682,426,746,875,Gali,Jell,125,160,205,140,125,160,Up to You,21
Gali,Plant,544,397,787,494,524,733,Niton,Durahan,238,203,221,699,701,459,Gali,Gali,140,149,202,221,133,149,Not Good,16
Gali,Plant,544,397,787,494,524,733,Niton,Durahan,238,203,221,699,701,459,Niton,Niton,125,63,79,191,100,217,Not Good,10
Gali,Plant,544,397,787,494,524,733,Niton,Durahan,238,203,221,699,701,459,Plant,Plant,195,63,169,235,150,127,Not Good,14
Gali,Plant,544,397,787,494,524,733,Zuum,Mock,487,443,573,768,770,699,Zuum,Plant,174,121,141,188,172,165,Up to You,9
Gali,Plant,544,397,787,494,524,733,Zuum,Mock,487,443,573,768,770,699,Zuum,Gali,177,157,152,191,155,175,Up to You,18
Gali,Plant,544,397,787,494,524,733,Zuum,Mock,487,443,573,768,770,699,Zuum,Mock,134,161,161,168,192,175,Up to You,9
Gali,Plant,544,397,787,494,524,733,Zuum,Mock,487,443,573,768,770,699,Gali,Plant,154,131,201,168,132,155,Up to You,12
Gali,Plant,544,397,787,494,524,733,Zuum,Mock,487,443,573,768,770,699,Gali,Zuum,137,157,192,151,135,155,Up to You,24
Gali,Plant,544,397,787,494,524,733,Wracky,Henger,525,419,546,750,519,545,Gali,Plant,143,123,241,155,111,134,Not Good,39
Gali,Plant,544,397,787,494,524,733,Wracky,Henger,525,419,546,750,519,545,Gali,Gali,150,158,268,162,127,152,Not Good,17
Gali,Plant,544,397,787,494,524,733,Wracky,Henger,525,419,546,750,519,545,Wracky,Henger,80,98,190,132,187,102,Not Good,17
Gali,Plant,544,397,787,494,524,733,Suezo,Tiger,611,556,273,484,673,675,Gali,Suezo,131,160,202,153,143,165,Up to You,21
Gali,Plant,544,397,787,494,524,733,Suezo,Tiger,611,556,273,484,673,675,Gali,Plant,158,135,189,158,130,155,Up to You,11
Gali,Plant,544,397,787,494,524,733,Suezo,Tiger,611,556,273,484,673,675,Gali,Tiger,138,155,209,168,160,165,Up to You,11
Gali,Plant,544,397,787,494,524,733,Suezo,Tiger,611,556,273,484,673,675,Plant,Suezo,188,115,199,148,140,115,Up to You,10
Gali,Plant,544,397,787,494,524,733,Suezo,Tiger,611,556,273,484,673,675,Suezo,Gali,128,155,199,168,140,165,Up to You,10
Gali,Plant,544,397,787,494,524,733,Suezo,Tiger,611,556,273,484,673,675,Plant,Tiger,195,110,176,154,147,124,Up to You,5
Gali,Plant,544,397,787,494,524,733,Suezo,Tiger,611,556,273,484,673,675,Suezo,Plant,175,140,196,174,137,164,Up to You,5
Gali,Plant,544,397,787,494,524,733,Suezo,Tiger,611,556,273,484,673,675,Tiger,Gali,135,130,186,194,197,144,Up to You,5
Gali,Plant,544,397,787,494,524,733,Suezo,Tiger,611,556,273,484,673,675,Gali,Gali,165,170,216,164,147,174,Up to You,4
Gali,Plant,544,397,787,494,524,733,Suezo,Tiger,611,556,273,484,673,675,Plant,Plant,215,80,176,154,157,144,Up to You,4
Gali,Plant,544,397,787,494,524,733,Suezo,Tiger,611,556,273,484,673,675,Tiger,Tiger,142,135,193,209,204,153,Up to You,3
Dragon,Golem,755,321,650,321,548,800,Jell,Pixie,600,600,600,600,600,600,Dragon,Pixie,143,158,221,152,149,173,Not Good,13
Dragon,Golem,755,321,650,321,548,800,Jell,Pixie,600,600,600,600,600,600,Pixie,Pixie,122,112,228,186,196,132,Not Good,5
Dragon,Golem,755,321,650,321,548,800,Jell,Pixie,600,600,600,600,600,600,Golem,Golem,172,252,168,106,116,232,Not Good,6
Dragon,Golem,755,321,650,321,548,800,Jell,Pixie,600,600,600,600,600,600,Dragon,Golem,163,198,266,112,139,193,Not Good,13
Dragon,Golem,755,321,650,321,548,800,Jell,Pixie,600,600,600,600,600,600,Dragon,Dragon,172,202,308,156,146,182,Not Good,5
Dragon,Golem,755,321,650,321,548,800,Kato,Gali,600,600,600,600,600,600,Dragon,Gali,154,154,203,148,130,165,Up to You,16
Dragon,Golem,755,321,650,321,548,800,Kato,Gali,600,600,600,600,600,600,Dragon,Dragon,172,202,217,158,144,183,Up to You,6
Dragon,Golem,755,321,650,321,548,800,Kato,Gali,600,600,600,600,600,600,Dragon,Golem,154,194,183,108,130,185,Up to You,16
Dragon,Golem,755,321,650,321,548,800,Kato,Gali,600,600,600,600,600,600,Golem,Golem,163,248,160,103,107,224,Up to You,8
Dragon,Golem,755,321,650,321,548,800,Kato,Gali,600,600,600,600,600,600,Dragon,Kato,145,160,196,144,164,156,Up to You,33
Jell,Pixie,600,600,600,600,600,600,Dragon,Golem,755,321,650,321,548,800,Pixie,Pixie,117,126,226,194,197,125,Not Good,6
Jell,Pixie,600,600,600,600,600,600,Dragon,Golem,755,321,650,321,548,800,Golem,Jell,178,200,149,108,100,277,Not Good,10
Jell,Pixie,600,600,600,600,600,600,Dragon,Golem,755,321,650,321,548,800,Pixie,Dragon,140,144,232,173,163,129,Not Good,19
Jell,Pixie,600,600,600,600,600,600,Dragon,Golem,755,321,650,321,548,800,Jell,Pixie,138,130,248,198,150,167,Not Good,11
Jell,Pixie,600,600,600,600,600,600,Dragon,Golem,755,321,650,321,548,800,Jell,Golem,158,150,241,158,140,197,Not Good,11
Kato,Gali,600,600,600,600,600,600,Dragon,Golem,755,321,650,321,548,800,Dragon,Kato,150,176,200,156,170,160,Up to You,24
Kato,Gali,600,600,600,600,600,600,Dragon,Golem,755,321,650,321,548,800,Golem,Gali,158,192,157,102,97,188,Up to You,9
Kato,Gali,600,600,600,600,600,600,Dragon,Golem,755,321,650,321,548,800,Dragon,Dragon,158,212,207,162,137,168,Up to You,8
Kato,Gali,600,600,600,600,600,600,Dragon,Golem,755,321,650,321,548,800,Dragon,Golem,158,212,187,122,137,188,Up to You,12
Kato,Gali,600,600,600,600,600,600,Dragon,Golem,755,321,650,321,548,800,Kato,Dragon,138,162,207,162,197,158,Up to You,14
Cpandora,Cpandora,999,999,999,999,999,999,Mew,Mew,999,824,405,999,999,999,Cpandora,Cpandora,220,102,75,235,162,115,Not Good,54
Cpandora,Cpandora,999,999,999,999,999,999,Mew,Mew,999,824,405,999,999,999,Mew,Mew,193,146,126,285,205,159,Not Good,46
Arrowhead,Durahan,930,870,280,510,400,970,Jell,Pixie,700,700,700,700,700,700,Pixie,Durahan,157,183,172,196,142,206,Up to You,13
Arrowhead,Durahan,930,870,280,510,400,970,Jell,Pixie,700,700,700,700,700,700,Jell,Jell,177,163,162,166,152,216,Up to You,10
Arrowhead,Durahan,930,870,280,510,400,970,Jell,Pixie,700,700,700,700,700,700,Arrowhead,Arrowhead,197,153,102,76,82,246,Up to You,9
Arrowhead,Durahan,930,870,280,510,400,970,Jell,Pixie,700,700,700,700,700,700,Durahan,Durahan,177,223,112,156,112,256,Up to You,10
Arrowhead,Durahan,930,870,280,510,400,970,Jell,Pixie,700,700,700,700,700,700,Arrowhead,Durahan,196,183,108,149,136,235,Up to You,15
Golem,Plant,940,850,310,490,360,930,Tiger,Monol,700,700,700,700,700,700,Golem,Monol,206,213,143,86,100,245,Up to You,13
Golem,Plant,940,850,310,490,360,930,Tiger,Monol,700,700,700,700,700,700,Plant,Monol,237,174,168,173,146,196,Up to You,4
Golem,Plant,940,850,310,490,360,930,Tiger,Monol,700,700,700,700,700,700,Plant,Tiger,216,143,153,156,130,125,Up to You,8
Golem,Plant,940,850,310,490,360,930,Tiger,Monol,700,700,700,700,700,700,Golem,Tiger,185,203,138,170,104,164,Up to You,27
Golem,Plant,940,850,310,490,360,930,Tiger,Monol,700,700,700,700,700,700,Tiger,Golem,156,173,173,156,170,195,Up to You,8
Arrowhead,Durahan,930,870,280,510,400,970,Tiger,Monol,700,700,700,700,700,700,Tiger,Monol,165,153,168,190,164,184,Up to You,16
Arrowhead,Durahan,930,870,280,510,400,970,Tiger,Monol,700,700,700,700,700,700,Tiger,Tiger,156,163,163,206,180,145,Up to You,11
Arrowhead,Durahan,930,870,280,510,400,970,Tiger,Monol,700,700,700,700,700,700,Durahan,Tiger,195,173,148,180,124,164,Up to You,27
Golem,Plant,940,850,310,490,360,930,Jell,Pixie,700,700,700,700,700,700,Golem,Plant,217,173,142,136,102,206,Up to You,13
Golem,Plant,940,850,310,490,360,930,Jell,Pixie,700,700,700,700,700,700,Jell,Golem,177,183,162,166,132,216,Up to You,8
Golem,Plant,940,850,310,490,360,930,Jell,Pixie,700,700,700,700,700,700,Golem,Jell,186,223,128,109,86,285,Up to You,24
Golem,Plant,940,850,310,490,360,930,Tiger,Monol,720,700,690,690,730,710,Monol,Monol,209,224,182,159,64,318,Up to You,2
Golem,Plant,940,850,310,490,360,930,Tiger,Monol,720,700,690,690,730,710,Golem,Tiger,186,203,138,169,106,165,Up to You,27
Golem,Plant,940,850,310,490,360,930,Tiger,Monol,720,700,690,690,730,710,Monol,Golem,178,214,157,152,58,287,Up to You,4
Golem,Plant,940,850,310,490,360,930,Tiger,Monol,720,700,690,690,730,710,Golem,Plant,217,173,142,136,102,206,Up to You,13
Arrowhead,Durahan,930,870,280,510,400,970,Tiger,Monol,720,700,690,690,730,710,Durahan,Tiger,196,173,148,179,126,165,Up to You,27
Arrowhead,Durahan,930,870,280,510,400,970,Tiger,Monol,720,700,690,690,730,710,Monol,Monol,187,203,172,146,52,296,Up to You,9
Arrowhead,Durahan,930,870,280,510,400,970,Tiger,Monol,720,700,690,690,730,710,Arrowhead,Durahan,196,183,108,149,136,235,Up to You,17
Dragon,Golem,755,321,650,321,548,800,Kato,Gali,600,620,580,640,560,620,Dragon,Kato,145,161,195,145,163,156,Up to You,33
Dragon,Golem,755,321,650,321,548,800,Kato,Gali,600,620,580,640,560,620,Kato,Kato,151,97,233,185,219,183,Up to You,2
Dragon,Golem,755,321,650,321,548,800,Kato,Gali,600,620,580,640,560,620,Dragon,Gali,154,155,202,150,129,165,Up to You,16
Dragon,Golem,755,321,650,321,548,800,Kato,Gali,600,620,580,640,560,620,Dragon,Golem,154,195,182,110,129,185,Up to You,16
Dragon,Golem,755,321,650,321,548,800,Kato,Gali,600,620,580,640,560,620,Kato,Dragon,152,153,216,160,202,174,Up to You,5
Dragon,Golem,755,321,650,321,548,800,Kato,Gali,600,580,620,560,640,580,Golem,Gali,163,178,161,92,99,193,Up to You,12
Dragon,Golem,755,321,650,321,548,800,Kato,Gali,600,580,620,560,640,580,Dragon,Golem,154,194,183,107,132,184,Up to You,16
Dragon,Golem,755,321,650,321,548,800,Kato,Gali,600,580,620,560,640,580,Dragon,Kato,145,160,196,143,165,155,Up to You,33
Dragon,Golem,755,321,650,321,548,800,Kato,Gali,600,580,620,560,640,580,Kato,Dragon,152,152,218,156,206,172,Up to You,5
Dragon,Golem,755,321,650,321,548,800,Kato,Gali,600,580,620,560,640,580,Dragon,Gali,154,154,203,147,132,164,Up to You,16
Dragon,Golem,900,970,940,880,890,930,Jell,Pixie,880,890,950,960,900,910,Golem,Jell,192,232,172,142,122,292,Unsure,19
Dragon,Golem,900,970,940,880,890,930,Jell,Pixie,880,890,950,960,900,910,Dragon,Golem,184,254,380,164,174,382,Unsure,13
Dragon,Golem,900,970,940,880,890,930,Jell,Pixie,880,890,950,960,900,910,Golem,Golem,196,316,206,166,156,256,Unsure,6
Dragon,Golem,900,970,940,880,890,930,Jell,Pixie,880,890,950,960,900,910,Jell,Pixie,176,186,463,256,196,423,Unsure,6
Dragon,Golem,900,970,940,880,890,930,Jell,Pixie,880,890,950,960,900,910,Pixie,Golem,176,206,246,216,196,226,Unsure,5
Dragon,Golem,900,970,940,880,890,930,Kato,Gali,880,870,970,920,940,890,Dragon,Golem,172,242,212,152,162,202,Up to You,16
Dragon,Golem,900,970,940,880,890,930,Kato,Gali,880,870,970,920,940,890,Kato,Dragon,176,216,256,216,246,196,Up to You,5
Dragon,Golem,900,970,940,880,890,930,Kato,Gali,880,870,970,920,940,890,Kato,Gali,188,178,278,228,248,198,Up to You,2
Dragon,Golem,900,970,940,880,890,930,Kato,Gali,880,870,970,920,940,890,Golem,Gali,184,234,194,144,134,214,Up to You,12
Dragon,Golem,900,970,940,880,890,930,Kato,Gali,880,870,970,920,940,890,Dragon,Kato,160,200,220,180,190,170,Up to You,33
Gali,Plant,544,397,787,494,524,733,Plant,Naga,743,426,291,768,513,672,Plant,Plant,203,68,163,152,138,125,Up to You,24
Gali,Plant,544,397,787,494,524,733,Plant,Naga,743,426,291,768,513,672,Gali,Plant,146,123,176,155,112,136,Up to You,31
Gali,Plant,544,397,787,494,524,733,Plant,Naga,743,426,291,768,513,672,Naga,Naga,185,202,165,213,167,213,Up to You,3
Gali,Plant,544,397,787,494,524,733,Plant,Naga,743,426,291,768,513,672,Gali,Naga,141,162,191,169,144,175,Up to You,10
Gali,Plant,544,397,787,494,524,733,Dragon,Kato,430,375,524,494,842,704,Dragon,Kato,141,168,298,159,185,175,Unsure,14
Gali,Plant,544,397,787,494,524,733,Dragon,Kato,430,375,524,494,842,704,Dragon,Gali,135,154,269,153,137,165,Unsure,27
Gali,Plant,544,397,787,494,524,733,Dragon,Kato,430,375,524,494,842,704,Plant,Plant,201,105,177,149,155,135,Unsure,9
Gali,Plant,544,397,787,494,524,733,Dragon,Kato,430,375,524,494,842,704,Kato,Gali,127,173,372,164,203,164,Unsure,4
Golem,Zilla,813,643,487,526,522,285,Pixie,Wracky,775,564,823,746,672,494,Golem,Pixie,143,186,173,118,106,137,Up to You,31
Golem,Zilla,813,643,487,526,522,285,Pixie,Wracky,775,564,823,746,672,494,Golem,Golem,184,278,163,130,117,187,Up to You,5
Golem,Zilla,813,643,487,526,522,285,Pixie,Wracky,775,564,823,746,672,494,Golem,Zilla,173,193,180,125,103,180,Up to You,15
Golem,Zilla,813,643,487,526,522,285,Gali,Plant,544,397,787,494,524,733,Golem,Gali,145,182,143,91,84,152,Unsure,34
Golem,Zilla,813,643,487,526,522,285,Gali,Plant,544,397,787,494,524,733,Golem,Plant,194,138,150,127,100,156,Unsure,17
Golem,Zilla,813,643,487,526,522,285,Gali,Plant,544,397,787,494,524,733,Golem,Zilla,164,188,180,117,100,186,Unsure,17
Dragon,Golem,900,970,940,880,890,930,Kato,Gali,886,874,963,925,940,885,Dragon,Dragon,196,266,255,216,186,205,Not Good,6
Dragon,Golem,900,970,940,880,890,930,Kato,Gali,889,863,963,925,940,885,Kato,Dragon,176,215,255,216,246,195,Not Good,5
Dragon,Golem,905,972,940,876,890,928,Kato,Gali,889,863,963,925,940,885,Dragon,Kato,160,199,219,179,190,169,Not Good,33
Dragon,Golem,905,972,940,876,890,928,Kato,Gali,889,863,963,925,940,885,Dragon,Golem,269,241,211,151,162,201,Not Good,16
Dragon,Golem,905,972,940,876,890,928,Kato,Gali,889,863,963,925,940,885,Dragon,Gali,172,201,231,191,162,181,Not Good,16
Dragon,Golem,905,972,940,876,890,928,Kato,Gali,889,863,963,925,940,885,Kato,Dragon,176,215,255,215,246,195,Not Good,5
Dragon,Golem,905,972,940,876,890,915,Kato,Gali,889,863,963,925,940,885,Dragon,Kato,160,199,219,179,190,169,Not Good,33
Dragon,Golem,905,972,940,876,890,915,Kato,Gali,889,863,963,925,940,885,Dragon,Golem,249,241,211,151,162,200,Not Good,16
Dragon,Golem,905,972,940,876,890,915,Kato,Gali,889,863,963,925,940,885,Golem,Gali,285,233,193,143,134,212,Not Good,12
Dragon,Golem,905,972,940,876,890,915,Kato,Gali,889,863,963,925,940,885,Dragon,Dragon,196,265,255,215,186,204,Not Good,6
